Nomber,Name,Weight,Volume,Brand,Price,Min
0023219052,SEALANT,1.115,3.042,hyundai / kia,1035.95,1
084B410416,WIPER BLADE ASSY,0.116,0.525,hyundai / kia,311.26,1
084B410418,WIPER BLADE ASSY,0.125,0.57,hyundai / kia,299.47,1
084B410422,WIPER BLADE ASSY,0.183,0.83,hyundai / kia,365.49,1
084B410424,WIPER BLADE ASSY,0.231,1.05,hyundai / kia,413.44,1
084B410426,WIPER BLADE ASSY,0.219,0.995,hyundai / kia,510.9,1
0B59068865LK,"CLIP, PLASTIC",0.001,0.003,hyundai / kia,2.36,1
0F28513111A,"GASKET, INLET MANIFOLD METAL",0.073,0.198,hyundai / kia,218.51,1
0G03250037A,"CLIP, PLASTIC",0.002,0.006,hyundai / kia,41.66,1
0K01217929,"SLEEVE COLLAR, GEARBOX HUB",0.094,0.255,hyundai / kia,3027.67,1
0K01850902B,GASKET RUBBER SEAL,0.031,0.084,hyundai / kia,730.19,1
0K01C15174B,"GASKET, RUBBER",0.004,0.012,hyundai / kia,49.52,1
0K04533242,"BUSHING, SEAL KIT RING",0.01,0.027,hyundai / kia,126.55,1
0K04L64523C96,"PLUG, METAL",0.031,0.084,hyundai / kia,86.46,1
0K2C067330,GASKET RUBBER SEAL,0.124,0.339,hyundai / kia,420.51,1
0K2N118891,"SENSOR ASSY, TEMPERATURE",0.081,0.222,hyundai / kia,1759.07,1
0K2N315186B,RUBBER TUBE,0.265,1.205,hyundai / kia,804.08,1
0K2NC10271,"GASKET, CYLINDER HEAD METAL",0.143,0.39,hyundai / kia,1203.37,1
0K30A18921,"SENSOR ASSY, KNOCK CONTROL",0.22,0.6,hyundai / kia,1946.92,1
0K30C15930B,FERROUS PIPE,0.132,15.0,hyundai / kia,2968.72,1
0K30E10122A,GASKET RUBBER SEAL,0.004,0.012,hyundai / kia,219.29,1
0K46723430,"SENSOR ASSY, FUEL LEVEL",0.059,0.27,hyundai / kia,948.7,1
0K53A68510AGE,"MOULDING ASSY, PLASTIC",0.308,1.4,hyundai / kia,14.93,1
0K55350611A,"MOULDING ASSY, OUTSIDE",0.044,0.2,hyundai / kia,826.87,1
0K55W20490B,"FILTER ASSY, FUEL PUMP",0.088,0.4,hyundai / kia,730.19,1
0K60A15186A,RUBBER TUBE,0.201,0.915,hyundai / kia,535.27,1
0K62218510,"SENSOR ASSY, TEMPERATURE",0.031,0.084,hyundai / kia,437.8,1
0K78K61C20,SWITCH ASSY,0.03,0.135,hyundai / kia,1171.14,1
0K95A40306A,"GASKET, RUBBER",0.03,0.081,hyundai / kia,268.03,1
1573318000,"PLUG, METAL",0.006,0.015,hyundai / kia,24.37,1
1573418000,"PLUG, METAL",0.006,0.015,hyundai / kia,29.08,1
1573425000,"PLUG, METAL",0.017,0.045,hyundai / kia,96.68,1
1710445000,GASKET RUBBER SEAL,0.001,0.003,hyundai / kia,62.88,1
1864755007L,LIGHT BULB,0.039,0.35,hyundai / kia,632.73,1
211232G000,"GASKET, RUBBER",0.014,0.039,hyundai / kia,168.99,1
2112445001,GASKET RUBBER SEAL,0.006,0.015,hyundai / kia,170.56,1
211422B000,GASKET RUBBER SEAL,0.007,0.018,hyundai / kia,164.27,1
211442B001,GASKET RUBBER SEAL,0.003,0.009,hyundai / kia,170.56,1
2133021010,"BRACKET, MOUNTING RADIATOR",0.123,5.0,hyundai / kia,267.24,1
213512X600,"COVER ASSY, TIMING GEAR",0.102,1.0,hyundai / kia,321.47,1
21830B1100,"BODY PANNEL, CROSS MEMBER",2.82,50.0,hyundai / kia,4914.07,1
2231103445,"GASKET, CYLINDER HEAD METAL",0.196,0.534,hyundai / kia,1703.26,1
2231104020,"GASKET, RUBBER",0.092,0.252,hyundai / kia,1581.43,1
223112B610,"GASKET, RUBBER",0.202,0.552,hyundai / kia,2189.8,1
223112C200,"GASKET, CYLINDER HEAD METAL",0.217,0.591,hyundai / kia,2189.8,1
223112F600,"GASKET, CYLINDER HEAD METAL",0.516,1.407,hyundai / kia,2068.75,1
223113CGB0,"GASKET, RUBBER",0.207,0.564,hyundai / kia,1827.45,1
2244122613,GASKET RUBBER SEAL,0.063,0.171,hyundai / kia,779.71,1
2244125002,GASKET RUBBER SEAL,0.102,0.279,hyundai / kia,621.73,1
2244126003,GASKET RUBBER SEAL,0.066,0.18,hyundai / kia,482.6,1
2244126020,GASKET RUBBER SEAL,0.067,0.183,hyundai / kia,661.03,1
224412B002,GASKET RUBBER SEAL,0.096,0.261,hyundai / kia,701.9,1
224412B610,GASKET RUBBER SEAL,0.015,0.042,hyundai / kia,730.19,1
224412B801,GASKET RUBBER SEAL,0.092,0.252,hyundai / kia,797.0,1
224412E000,GASKET RUBBER SEAL,0.059,0.162,hyundai / kia,681.46,1
224412E99A,GASKET RUBBER SEAL,0.054,0.147,hyundai / kia,741.2,1
224412G100,GASKET RUBBER SEAL,0.073,0.198,hyundai / kia,738.84,1
224413C710,GASKET RUBBER SEAL,0.098,0.267,hyundai / kia,557.27,1
224413E011,GASKET RUBBER SEAL,0.063,0.171,hyundai / kia,578.5,1
224413E021,GASKET RUBBER SEAL,0.059,0.162,hyundai / kia,535.27,1
224414A400,GASKET RUBBER SEAL,0.09,0.246,hyundai / kia,672.82,1
224422G700,GASKET RUBBER SEAL,0.013,0.036,hyundai / kia,632.73,1
2244338002,GASKET RUBBER SEAL,0.009,0.024,hyundai / kia,180.78,1
2244339810,GASKET RUBBER SEAL,0.025,0.069,hyundai / kia,404.79,1
224533C120,GASKET RUBBER SEAL,0.085,0.231,hyundai / kia,698.75,1
224533C710,GASKET RUBBER SEAL,0.1,0.273,hyundai / kia,644.52,1
243552B600,"SENSOR ASSY, OIL PRESSURE",0.157,0.429,hyundai / kia,3841.18,1
243552B700,"SENSOR ASSY, OIL PRESSURE",0.163,0.444,hyundai / kia,4471.55,1
243752G500,"SENSOR ASSY, OIL LEVEL",0.16,0.435,hyundai / kia,5748.8,1
2447125052,"BRACKET, PLASTIC",0.037,0.102,hyundai / kia,176.06,1
2512422000,"GASKET, RUBBER",0.007,0.018,hyundai / kia,194.93,1
2524082200,"SENSOR ASSY, ABS",0.195,0.531,hyundai / kia,7406.48,1
253332G000,"BRACKET, MOUNTING RADIATOR",0.512,5.0,hyundai / kia,87.25,1
253501W052,"SHROUD ASSY, FAN",1.133,15.0,hyundai / kia,2530.92,1
25350D7600,"SHROUD ASSY, FAN",2.409,15.0,hyundai / kia,4623.25,1
254113X650,RUBBER TUBE,0.264,1.2,hyundai / kia,1094.9,1
2541143651,RUBBER TUBE,0.145,0.66,hyundai / kia,194.93,1
2541143653,RUBBER TUBE,0.169,0.77,hyundai / kia,170.56,1
25411F2050,RUBBER TUBE,0.207,0.94,hyundai / kia,510.9,1
254121C000,RUBBER TUBE,0.534,2.425,hyundai / kia,852.02,1
254121G000,RUBBER TUBE,0.356,1.62,hyundai / kia,778.93,1
2541225000,"HOSE ASSY, WINDSHIELD WASHER",0.349,1.585,hyundai / kia,437.8,1
254122J100,RUBBER TUBE,0.564,2.565,hyundai / kia,1545.28,1
254125A000,RUBBER TUBE,0.319,1.45,hyundai / kia,364.7,1
254138D100,RUBBER TUBE,0.773,3.515,hyundai / kia,1150.7,1
254143S000,RUBBER TUBE,0.618,2.81,hyundai / kia,1565.71,1
25414C1150,RUBBER TUBE,0.439,1.995,hyundai / kia,1873.82,1
254153K200,"HOSE ASSY, WINDSHIELD WASHER",0.437,1.985,hyundai / kia,973.07,1
2544226100,GASKET RUBBER SEAL,0.004,0.012,hyundai / kia,36.16,1
2546122640,FERROUS PIPE,0.66,15.0,hyundai / kia,1338.56,1
254683C810,"HOSE ASSY, WINDSHIELD WASHER",0.034,0.155,hyundai / kia,389.07,1
2546922601,RUBBER TUBE,0.08,0.365,hyundai / kia,338.77,1
2547222600,RUBBER TUBE,0.034,0.155,hyundai / kia,170.56,1
2547226001,RUBBER TUBE,0.173,0.785,hyundai / kia,437.8,1
254722E000,RUBBER TUBE,0.152,0.69,hyundai / kia,827.66,1
256002G010,"SENSOR ASSY, TEMPERATURE",0.171,0.465,hyundai / kia,6382.32,1
256201U500,OIL COOLER ASSY,1.038,9.0,hyundai / kia,8662.51,1
256202W500,OIL COOLER ASSY,1.034,9.0,hyundai / kia,9319.6,1
25620D3000,OIL COOLER ASSY,1.045,9.0,hyundai / kia,5986.18,1
2562238000,RUBBER TUBE,0.127,0.575,hyundai / kia,413.44,1
256232E000,GASKET RUBBER SEAL,0.008,0.021,hyundai / kia,243.66,1
256252W000,GASKET RUBBER SEAL,0.009,0.024,hyundai / kia,23.58,1
256412G500,GASKET RUBBER SEAL,0.006,0.015,hyundai / kia,170.56,1
256422G500,GASKET RUBBER SEAL,0.006,0.015,hyundai / kia,93.53,1
263162F000,GASKET RUBBER SEAL,0.002,0.006,hyundai / kia,121.83,1
2641003HA0,OIL COOLER ASSY,0.633,9.0,hyundai / kia,4574.52,1
264102E010,OIL COOLER ASSY,7.37,9.0,hyundai / kia,9563.26,1
264102G000,OIL COOLER ASSY,0.482,9.0,hyundai / kia,13602.52,1
264102G001,OIL COOLER ASSY,0.655,9.0,hyundai / kia,8029.78,1
2641327400,GASKET RUBBER SEAL,0.007,0.018,hyundai / kia,194.93,1
2671026711,"HOSE ASSY, WINDSHIELD WASHER",0.045,0.205,hyundai / kia,510.9,1
2683641000,"HOSE ASSY, WINDSHIELD WASHER",0.081,0.37,hyundai / kia,997.43,1
2690193400,"ABSORBER ASSY, BUMPER ENERGY",1.049,1.5,hyundai / kia,1507.55,1
281101M400,AIR INTAKE CLEANER ASSY,1.815,3.5,hyundai / kia,1581.43,1
281404H200,"REGISTER ASSY, INSTRUMENT PANEL",0.675,3.07,hyundai / kia,3772.01,1
2816437100,"SENSOR ASSY, AIR FUEL RATIO",0.232,0.633,hyundai / kia,16652.98,1
281643C100,"SENSOR ASSY, AIR FUEL RATIO",0.392,1.068,hyundai / kia,10067.87,1
281913F000,"RESERVOIR ASSY, COOLANT ",0.127,1.0,hyundai / kia,191.78,1
282102S000,RUBBER TUBE,0.322,1.465,hyundai / kia,267.24,1
282104H000,"RESONATOR ASSY, AIR INTAKE",0.474,2.155,hyundai / kia,2798.16,1
2824642600,FERROUS PIPE,0.129,15.0,hyundai / kia,1119.26,1
283132G700,GASKET RUBBER SEAL,0.011,0.03,hyundai / kia,264.88,1
283132GTA0,GASKET RUBBER SEAL,0.036,0.099,hyundai / kia,455.88,1
2841126600,GASKET RUBBER SEAL,0.007,0.018,hyundai / kia,283.75,1
284112B000,GASKET RUBBER SEAL,0.025,0.069,hyundai / kia,440.95,1
2841137200,"GASKET, RUBBER",0.026,0.072,hyundai / kia,703.47,1
285103CZU0,EXHAUST MANIFOLD ASSY,2.059,15.0,hyundai / kia,39697.72,1
285134A002,"GASKET, RUBBER",0.121,0.33,hyundai / kia,650.81,1
285213F010,"GASKET, RUBBER",0.078,0.213,hyundai / kia,1049.31,1
286102S131,EXHAUST PIPE,2.399,8.0,hyundai / kia,15262.55,1
2862574000,"GASKET, RUBBER",0.088,0.24,hyundai / kia,233.44,1
286502E151,"EXHAUST PIPE, MUFFLER",5.159,25.0,hyundai / kia,34897.61,1
2875123420,"GASKET, EXHAUST MANIFOLD",0.032,0.087,hyundai / kia,389.07,1
287513S000,"GASKET, EXHAUST PIPE METAL",0.024,0.066,hyundai / kia,378.07,1
2876534050,"GASKET, EXHAUST PIPE METAL",0.047,0.129,hyundai / kia,389.07,1
291103U000,"COVER ASSY, ENGINE SPLASH SHIELD",2.75,15.0,hyundai / kia,5693.78,1
29110N7000,"COVER ASSY, ENGINE SPLASH SHIELD",2.365,15.0,hyundai / kia,5536.58,1
29110S9000,"COVER ASSY, PLASTIC",2.343,10.65,hyundai / kia,9517.67,1
291202G200,"COVER ASSY, ENGINE SPLASH SHIELD",4.708,15.0,hyundai / kia,6083.64,1
291302S100,"COVER ASSY, ENGINE SPLASH SHIELD",0.44,15.0,hyundai / kia,437.8,1
291353K550,"MOULDING ASSY, PLASTIC",0.053,0.24,hyundai / kia,381.21,1
291353M010,"MOULDING ASSY, PLASTIC",0.2,0.91,hyundai / kia,553.34,1
291353M100,"MOULDING ASSY, PLASTIC",0.09,0.41,hyundai / kia,473.96,1
2921537100,"GASKET, INLET MANIFOLD METAL",0.02,0.054,hyundai / kia,675.17,1
3109017000,"FILTER ASSY, FUEL PUMP",0.021,0.095,hyundai / kia,221.65,1
310902E000,"FILTER ASSY, FUEL PUMP",0.018,0.08,hyundai / kia,473.96,1
310902E900,"FILTER ASSY, FUEL PUMP",0.021,0.095,hyundai / kia,487.32,1
31090B2000,"FILTER ASSY, FUEL PUMP",0.045,0.205,hyundai / kia,712.9,1
311121W000,"FILTER ASSY, FUEL PUMP",0.322,1.465,hyundai / kia,1387.29,1
3111228350,GASKET RUBBER SEAL,0.001,0.003,hyundai / kia,4.72,1
311122P000,"FILTER ASSY, FUEL PUMP",0.301,1.37,hyundai / kia,1807.8,1
311123Q500,"FILTER ASSY, FUEL PUMP",0.31,1.41,hyundai / kia,2186.65,1
311123R000,"FILTER ASSY, FUEL PUMP",0.333,1.515,hyundai / kia,1462.75,1
311123R600,"FILTER ASSY, FUEL PUMP",0.249,1.13,hyundai / kia,1168.0,1
31112A70A0,"FILTER ASSY, FUEL PUMP",0.347,1.575,hyundai / kia,1262.32,1
31112B1000,"FILTER ASSY, FUEL PUMP",0.328,1.49,hyundai / kia,1445.45,1
31112C1000,"FILTER ASSY, FUEL PUMP",0.275,1.25,hyundai / kia,1143.63,1
31112C9000,"FILTER ASSY, FUEL PUMP",0.344,1.565,hyundai / kia,1329.91,1
311150W000,GASKET RUBBER SEAL,0.031,0.084,hyundai / kia,1306.33,1
311152J000,GASKET RUBBER SEAL,0.02,0.054,hyundai / kia,577.71,1
311503E300,"SENSOR ASSY, FUEL LEVEL",0.116,0.525,hyundai / kia,2292.76,1
313551J000,"BRACKET, PLASTIC",0.013,0.036,hyundai / kia,27.51,1
314014A010,"SENSOR ASSY, OIL PRESSURE",0.085,0.231,hyundai / kia,29176.32,1
3143083010,FERROUS PIPE,0.231,15.0,hyundai / kia,1321.27,1
319213A810,"SENSOR ASSY, FUEL ",0.064,0.174,hyundai / kia,1232.45,1
319241C400,"SENSOR ASSY, TEMPERATURE",0.055,0.15,hyundai / kia,904.69,1
328764B000,"PLUG, PLASTIC",0.003,0.009,hyundai / kia,22.01,1
338054A000,GASKET RUBBER SEAL,0.001,0.003,hyundai / kia,113.18,1
351002F600,"SENSOR ASSY, AIR FUEL RATIO",0.824,2.247,hyundai / kia,7966.9,1
3510239000,"SENSOR ASSY, THROTTLE POSITION",0.058,0.159,hyundai / kia,4401.6,1
3515002600,"VALVE ASSY, IDLE SPEED CONTROL",0.21,0.573,hyundai / kia,6783.18,1
3515022600,"SENSOR ASSY, SPEED",0.21,0.573,hyundai / kia,4785.17,1
3515023700,"VALVE ASSY, IDLE SPEED CONTROL",0.221,0.603,hyundai / kia,4805.6,1
3515633271,"GASKET, WATER BY-PASS PAPER",0.002,0.006,hyundai / kia,121.83,1
361382X000,"SLEEVE, RING METAL",0.019,0.051,hyundai / kia,26.72,1
3831383800,"SLEEVE, RING METAL",0.028,0.075,hyundai / kia,199.64,1
3837783110,"GASKET, WATER BY-PASS PAPER",0.024,0.066,hyundai / kia,248.38,1
3918004200,"SENSOR ASSY, CRANKSHAFT POSITION",0.275,0.75,hyundai / kia,1612.09,1
3918025300,"SENSOR ASSY, CRANKSHAFT POSITION",0.095,0.258,hyundai / kia,5061.05,1
3918026900,"SENSOR ASSY, CRANKSHAFT POSITION",0.099,0.27,hyundai / kia,1799.94,1
3918027000,"SENSOR ASSY, CRANKSHAFT POSITION",0.09,0.246,hyundai / kia,3041.82,1
391802B000,"SENSOR ASSY, CRANKSHAFT POSITION",0.075,0.204,hyundai / kia,1415.59,1
3922003HA0,"SENSOR ASSY, TEMPERATURE",0.011,0.03,hyundai / kia,788.36,1
392203C100,"SENSOR ASSY, TEMPERATURE",0.044,0.12,hyundai / kia,778.93,1
3923026600,"SENSOR ASSY, TEMPERATURE",0.107,0.291,hyundai / kia,1076.03,1
392503E120,"SENSOR ASSY, KNOCK CONTROL",0.083,0.225,hyundai / kia,1950.85,1
3930022600,"SENSOR ASSY, OIL PRESSURE",0.044,0.12,hyundai / kia,3106.27,1
393002B000,"SENSOR ASSY, OIL PRESSURE",0.035,0.096,hyundai / kia,2488.48,1
3931002200,"SENSOR ASSY, ABS",0.164,0.447,hyundai / kia,3528.35,1
3931038050,"SENSOR ASSY, CRANKSHAFT POSITION",0.05,0.135,hyundai / kia,7513.37,1
393103C100,"SENSOR ASSY, CRANKSHAFT POSITION",0.039,0.105,hyundai / kia,3236.75,1
3935025000,"SENSOR ASSY, CAMSHAFT",0.026,0.072,hyundai / kia,3260.33,1
393502M400,"SENSOR ASSY, CRANKSHAFT POSITION",0.021,0.057,hyundai / kia,1581.43,1
414702D011,"MOTOR ASSY, BLOWER",5.194,14.166,hyundai / kia,43800.64,1
4163122060,FERROUS PIPE,0.069,15.0,hyundai / kia,535.27,1
416400U100DS,"HOSE ASSY, WINDSHIELD WASHER",0.078,0.355,hyundai / kia,937.7,1
4262039200,"SENSOR ASSY, SPEED",0.037,0.102,hyundai / kia,1764.57,1
4262139200,"SENSOR ASSY, SPEED",0.037,0.102,hyundai / kia,1764.57,1
4270023000,SWITCH ASSY,0.135,0.615,hyundai / kia,1810.16,1
4270026700,SWITCH ASSY,0.189,0.86,hyundai / kia,2453.11,1
427002H000,SWITCH ASSY,0.185,0.84,hyundai / kia,2828.81,1
427003B010,"SWITCH ASSY, NEUTRAL START",0.165,0.45,hyundai / kia,2506.55,1
4337402504,"RING SET, SYNCHRONIZER",0.057,0.156,hyundai / kia,1498.9,1
4337425470,"RING SET, SYNCHRONIZER",0.116,0.315,hyundai / kia,1176.64,1
452284C000,GASKET RUBBER SEAL,0.108,0.294,hyundai / kia,894.47,1
4532339000,GASKET RUBBER SEAL,0.001,0.003,hyundai / kia,22.01,1
4569122610,SWITCH ASSY,0.094,0.425,hyundai / kia,1192.36,1
4595628010,SWITCH ASSY,0.171,0.775,hyundai / kia,2886.19,1
47354H1010,"SENSOR ASSY, SPEED",0.076,0.207,hyundai / kia,6864.92,1
52933C1100,"SENSOR ASSY, TIRE PRESSURE MONITOR",0.045,0.123,hyundai / kia,1406.15,1
546232P000,GASKET RUBBER SEAL,0.068,0.186,hyundai / kia,869.32,1
546332M000,GASKET RUBBER SEAL,0.061,0.165,hyundai / kia,496.75,1
546333A000,GASKET RUBBER SEAL,0.1,0.273,hyundai / kia,685.39,1
558303M000,"SENSOR ASSY, HEIGHT CONTROL",0.154,0.42,hyundai / kia,11162.77,1
563152K000FFF,"GASKET, RUBBER",0.006,0.015,hyundai / kia,77.81,1
575302G100,RUBBER TUBE,0.189,0.86,hyundai / kia,558.85,1
575312F700,RUBBER TUBE,0.107,0.485,hyundai / kia,764.78,1
5757107000,RUBBER TUBE,0.136,0.62,hyundai / kia,453.52,1
5823228300,GASKET RUBBER SEAL,0.01,0.027,hyundai / kia,224.01,1
5838631000,"PLUG, BODY PANEL",0.004,0.012,hyundai / kia,48.73,1
587311H000,"HOSE ASSY, WINDSHIELD WASHER",0.219,0.995,hyundai / kia,1358.99,1
587311M000,"HOSE ASSY, WINDSHIELD WASHER",0.224,1.02,hyundai / kia,1307.12,1
587312B000,"HOSE ASSY, WINDSHIELD WASHER",0.169,0.77,hyundai / kia,1564.93,1
587312G000DS,"HOSE ASSY, WINDSHIELD WASHER",0.189,0.86,hyundai / kia,1927.27,1
587312J000,"HOSE ASSY, WINDSHIELD WASHER",0.171,0.775,hyundai / kia,1791.29,1
587313J000,"HOSE ASSY, WINDSHIELD WASHER",0.171,0.775,hyundai / kia,2086.83,1
587313R000,"HOSE ASSY, WINDSHIELD WASHER",0.095,0.43,hyundai / kia,2294.33,1
58731A6000,"HOSE ASSY, WINDSHIELD WASHER",0.223,1.015,hyundai / kia,1043.02,1
587322B010,"HOSE ASSY, WINDSHIELD WASHER",0.152,0.69,hyundai / kia,947.92,1
587322J000,"HOSE ASSY, WINDSHIELD WASHER",0.022,0.1,hyundai / kia,1791.29,1
587323L001,"HOSE ASSY, WINDSHIELD WASHER",0.328,1.49,hyundai / kia,2673.19,1
5873734000,"HOSE ASSY, WINDSHIELD WASHER",0.083,0.375,hyundai / kia,730.19,1
58737H8000,"HOSE ASSY, WINDSHIELD WASHER",0.311,1.415,hyundai / kia,1362.14,1
587383S301,"HOSE ASSY, WINDSHIELD WASHER",0.158,0.72,hyundai / kia,1480.82,1
59810A6300,"SENSOR ASSY, ABS",0.174,0.474,hyundai / kia,1483.97,1
641011G001,"PANEL ASSY, MOUNTING RADIATOR",5.775,30.0,hyundai / kia,9968.05,1
641011W001,"PANEL ASSY, MOUNTING RADIATOR",5.83,30.0,hyundai / kia,13174.15,1
641013J000,"PANEL ASSY, BODY",8.36,30.4,hyundai / kia,13141.13,1
641013M000,"PANEL ASSY, BODY",5.852,21.28,hyundai / kia,78622.01,1
641013X003,"PANEL ASSY, MOUNTING RADIATOR",5.335,30.0,hyundai / kia,13376.15,1
64101A7001,"PANEL ASSY, MOUNTING RADIATOR",8.25,30.0,hyundai / kia,12484.82,1
64101A7600,"SUPPORT ASSY, RADIATOR",8.129,30.0,hyundai / kia,11885.89,1
64101D3000,"PANEL ASSY, MOUNTING RADIATOR",7.909,30.0,hyundai / kia,13409.16,1
64101J9000,"PANEL ASSY, MOUNTING RADIATOR",6.655,30.0,hyundai / kia,13442.17,1
64118F2000,"BRACKET, PLASTIC",0.307,0.837,hyundai / kia,344.27,1
645013L100,"COVER ASSY, FENDER SPLASH SHIELD",7.7,50.0,hyundai / kia,4884.99,1
65523D2000,"BODY PART, FLOOR",3.74,10.0,hyundai / kia,8778.83,1
66310F2500,"FENDER COVER, MOLDING",4.224,45.0,hyundai / kia,12919.48,1
663111R350,"FENDER COVER, MOLDING",1.914,45.0,hyundai / kia,8789.05,1
66320F2000,"FENDER COVER, MOLDING",4.257,45.0,hyundai / kia,14465.54,1
663213W000,"FENDER COVER, MOLDING",2.915,45.0,hyundai / kia,9927.97,1
663214H401,"FENDER COVER, MOLDING",4.95,45.0,hyundai / kia,9903.6,1
664000X020,HOOD,14.3,40.0,hyundai / kia,8213.7,1
66400B8000,HOOD,24.618,40.0,hyundai / kia,29107.15,1
66400F2000,HOOD,22.22,40.0,hyundai / kia,33335.05,1
66400M6000,HOOD,25.432,40.0,hyundai / kia,35648.24,1
69513G2000,"COVER ASSY, PLASTIC",0.223,1.015,hyundai / kia,897.61,1
711124E550,"BODY PANEL, SIDE",14.487,100.0,hyundai / kia,4205.1,1
7612129510,DOOR ASSY,8.624,50.0,hyundai / kia,4122.57,1
77003D9000,DOOR ASSY,17.38,50.0,hyundai / kia,18661.21,1
77004D9000,DOOR ASSY,17.567,50.0,hyundai / kia,18661.21,1
7714055008,"DOOR ASSY, LUGGAGE COMPARTMENT",11.0,50.0,hyundai / kia,13671.68,1
811802B000,"BRACKET, PLASTIC",0.035,0.096,hyundai / kia,311.26,1
812601R000,"SWITCH ASSY, LUGGAGE COMPARTMENT ",0.033,0.09,hyundai / kia,877.18,1
812601W220,"SWITCH ASSY, LUGGAGE COMPARTMENT ",0.032,0.087,hyundai / kia,961.28,1
8127939000,"CLIP, PLASTIC",0.001,0.003,hyundai / kia,9.43,1
813353B000NF,"PLUG, PLASTIC",0.007,0.018,hyundai / kia,28.3,1
813648D100,"PLUG, BODY PANEL",0.007,0.018,hyundai / kia,53.45,1
816162S000,"GLASS ASSY, SUNROOF",14.267,30.0,hyundai / kia,14542.57,1
816163S000,"GLASS ASSY, REAR ",10.45,40.0,hyundai / kia,14507.2,1
816303V000,"GLASS ASSY, SUNROOF",13.2,30.0,hyundai / kia,23945.49,1
816483S000,"BRACKET, PLASTIC",0.028,0.075,hyundai / kia,2070.32,1
817401G200XI,"HEADLINING ASSY, INTERIOR",0.15,20.0,hyundai / kia,286.89,1
817903E000,"PLUG, PLASTIC",0.053,0.144,hyundai / kia,286.89,1
821101G001,GASKET RUBBER SEAL,1.11,3.027,hyundai / kia,1919.41,1
821101M000,GASKET RUBBER SEAL,0.87,2.373,hyundai / kia,1794.44,1
821104D001,GASKET RUBBER SEAL,0.396,1.08,hyundai / kia,3349.15,1
821201E000QS,GASKET RUBBER SEAL,1.1,3.0,hyundai / kia,1952.42,1
821201M000,GASKET RUBBER SEAL,0.592,1.614,hyundai / kia,1794.44,1
821202E000DD,GASKET RUBBER SEAL,1.21,3.3,hyundai / kia,2205.52,1
821202F000NM,GASKET RUBBER SEAL,0.975,2.658,hyundai / kia,1198.65,1
821302D000,GASKET RUBBER SEAL,0.439,1.197,hyundai / kia,1680.47,1
822201C001,"WEATHERSTRIP, DOOR GLASS",0.154,0.42,hyundai / kia,450.38,1
8230107230EQ,"BOARD DOOR, PANEL TRIM",4.895,22.25,hyundai / kia,11190.28,1
8235426000,"REGISTER ASSY, INSTRUMENT PANEL",0.217,0.985,hyundai / kia,635.09,1
825302F000,GASKET RUBBER SEAL,0.453,1.236,hyundai / kia,1928.06,1
825302G000,"WEATHERSTRIP, DOOR GLASS",0.439,1.197,hyundai / kia,1725.27,1
825402B000,GASKET RUBBER SEAL,0.974,2.655,hyundai / kia,818.23,1
825402F000,GASKET RUBBER SEAL,0.039,0.105,hyundai / kia,1928.06,1
826523K030,"COVER ASSY, PLASTIC",0.018,0.08,hyundai / kia,329.33,1
826523V000RER,"PLUG, PLASTIC",0.012,0.033,hyundai / kia,485.75,1
831103K000HZ,GASKET RUBBER SEAL,0.722,1.968,hyundai / kia,2299.05,1
831202S000,GASKET RUBBER SEAL,1.02,2.781,hyundai / kia,2442.89,1
832803W010,"MOULDING ASSY, PLASTIC",0.138,0.625,hyundai / kia,2536.42,1
84225J3000,"COVER ASSY, ENGINE SPLASH SHIELD",1.309,15.0,hyundai / kia,3853.76,1
846203XAA0RY,"GLOVE BOX, ASSY",0.352,3.0,hyundai / kia,1361.35,1
84670A6200RY,"REGISTER ASSY, INSTRUMENT PANEL",0.692,3.145,hyundai / kia,1575.93,1
846803XAA04X,"MOULDING ASSY, PLASTIC",0.338,1.535,hyundai / kia,1135.77,1
847502P100VA,"MOULDING ASSY, PLASTIC",0.535,2.43,hyundai / kia,896.83,1
848303L000K7,"PANEL ASSY, INTERIOR",0.282,5.0,hyundai / kia,845.74,1
8510122250,INNER MIRROR ASSY,0.375,1.023,hyundai / kia,1265.46,1
851013X100,INNER MIRROR ASSY,0.517,1.41,hyundai / kia,1479.25,1
853252F400,"CLIP, PLASTIC",0.002,0.006,hyundai / kia,9.43,1
8532643300I,"CLIP, PLASTIC",0.002,0.006,hyundai / kia,7.07,1
85730L2000WK,"COVER ASSY, ENGINE SPLASH SHIELD",1.408,15.0,hyundai / kia,5847.05,1
858904D500QW,"PANEL ASSY, LUGGAGE COMPARTMENT",0.8,20.0,hyundai / kia,1457.24,1
861101F011,"GLASS ASSY, WINDSHIELD ",15.125,40.0,hyundai / kia,14490.7,1
861101V910,"GLASS ASSY, WINDSHIELD ",14.564,40.0,hyundai / kia,4238.11,1
861101W090,"GLASS ASSY, WINDSHIELD ",13.2,40.0,hyundai / kia,22089.74,1
861501R000,"PANEL ASSY, BODY",3.465,12.6,hyundai / kia,3316.13,1
863001E000,"EMBLEM NAME PLATE, PLASTIC",0.013,0.036,hyundai / kia,348.2,1
863002B100,"EMBLEM NAME PLATE, PLASTIC",0.029,0.078,hyundai / kia,565.92,1
863101G100,"EMBLEM NAME PLATE, PLASTIC",0.03,0.081,hyundai / kia,481.82,1
863102B500,"EMBLEM NAME PLATE, PLASTIC",0.015,0.042,hyundai / kia,569.85,1
86310G8100,"EMBLEM NAME PLATE, PLASTIC",0.309,0.843,hyundai / kia,3406.52,1
863112C010,"EMBLEM NAME PLATE, PLASTIC",0.004,0.012,hyundai / kia,171.35,1
863203X000,"EMBLEM NAME PLATE, PLASTIC",0.026,0.072,hyundai / kia,389.07,1
863213K000,"EMBLEM NAME PLATE, PLASTIC",0.01,0.027,hyundai / kia,514.04,1
863271R000,"EMBLEM NAME PLATE, PLASTIC",0.006,0.015,hyundai / kia,255.45,1
863322B510,"EMBLEM NAME PLATE, PLASTIC",0.012,0.033,hyundai / kia,433.87,1
863413D000,"EMBLEM NAME PLATE, PLASTIC",0.013,0.036,hyundai / kia,514.04,1
863503W030,"GRILLE ASSY, RADIATOR",1.689,10.0,hyundai / kia,9466.58,1
86350M6000,"GRILLE ASSY, RADIATOR",3.113,10.0,hyundai / kia,5061.05,1
863513M000,"GRILLE ASSY, RADIATOR",0.99,10.0,hyundai / kia,9438.29,1
86351L2310,"GRILLE ASSY, RADIATOR",1.166,10.0,hyundai / kia,6831.91,1
86510K0000,BUMBER COVER ASSY ,3.212,25.0,hyundai / kia,11810.44,1
865111J500,BUMBER COVER ASSY ,4.235,25.0,hyundai / kia,7893.01,1
865114F510,BUMBER COVER ASSY ,3.795,25.0,hyundai / kia,5982.25,1
86511A7000,BUMBER COVER ASSY ,4.719,25.0,hyundai / kia,12509.19,1
86511F1500,BUMBER COVER ASSY ,3.96,25.0,hyundai / kia,13899.62,1
865124H000,BUMBER COVER ASSY ,3.85,25.0,hyundai / kia,12037.59,1
86512S1000,BUMBER COVER ASSY ,2.64,25.0,hyundai / kia,6321.8,1
865131W200,"BRACKET, PLASTIC",0.065,0.177,hyundai / kia,292.39,1
86513A5000,"BRACKET, PLASTIC",0.055,0.15,hyundai / kia,219.29,1
865142V000,"BRACKET, PLASTIC",0.033,0.09,hyundai / kia,243.66,1
865143U000,"BRACKET, PLASTIC",0.131,0.357,hyundai / kia,389.07,1
865172S000,"PLUG, PLASTIC",0.004,0.012,hyundai / kia,175.28,1
865173L700,"MOULDING ASSY, BUMPER COVER",0.156,25.0,hyundai / kia,576.92,1
865173V000,"PLUG, PLASTIC",0.033,0.09,hyundai / kia,183.92,1
865183L700,"MOULDING ASSY, BUMPER COVER",0.154,25.0,hyundai / kia,576.92,1
86520A5025,"ABSORBER ASSY, BUMPER ENERGY",0.286,1.5,hyundai / kia,1608.16,1
86521F1100,"MOULDING ASSY, BUMPER COVER",0.477,25.0,hyundai / kia,5002.1,1
865231C300,"BUMPER, SUPPORT MOUNT  ",0.693,5.0,hyundai / kia,682.25,1
86552B2000,"BRACKET, PLASTIC",0.122,0.333,hyundai / kia,376.49,1
865601A000,"GRILLE ASSY, RADIATOR",0.741,10.0,hyundai / kia,1685.97,1
865622P500,"MOULDING ASSY, BUMPER COVER",0.729,25.0,hyundai / kia,897.61,1
86563A2600,"MOULDING ASSY, OUTSIDE",0.469,2.13,hyundai / kia,2566.29,1
86564A2610,"MOULDING ASSY, OUTSIDE",0.288,1.31,hyundai / kia,1901.33,1
86574D4000,"RESONATOR ASSY, AIR INTAKE",0.209,0.95,hyundai / kia,846.52,1
865772W000,"BRACKET, PLASTIC",0.019,0.051,hyundai / kia,200.43,1
865831R000,"BRACKET, PLASTIC",0.064,0.174,hyundai / kia,139.91,1
865883X700,"PLUG, PLASTIC",0.006,0.015,hyundai / kia,113.97,1
86590280004X,"CLIP, PLASTIC",0.002,0.006,hyundai / kia,29.87,1
865903S000,"CLIP, PLASTIC",0.002,0.006,hyundai / kia,22.79,1
86591F2000,"BUMPER, SUPPORT MOUNT  ",0.385,5.0,hyundai / kia,474.74,1
865921C300,"BRACKET, PLASTIC",0.04,0.108,hyundai / kia,127.33,1
86595F1510,"MOULDING ASSY, PLASTIC",0.165,0.75,hyundai / kia,2947.5,1
86596F1510,"MOULDING ASSY, OUTSIDE",0.198,0.9,hyundai / kia,2813.88,1
86610H6510,BUMBER COVER ASSY ,4.51,25.0,hyundai / kia,10673.09,1
86610L1010,BUMBER COVER ASSY ,4.334,25.0,hyundai / kia,7248.49,1
866111J500,BUMBER COVER ASSY ,4.763,25.0,hyundai / kia,8538.32,1
86611A7000,BUMBER COVER ASSY ,4.4,25.0,hyundai / kia,14176.3,1
86611A7810,BUMBER COVER ASSY ,3.568,25.0,hyundai / kia,13572.65,1
86612M6010,"MOULDING ASSY, BUMPER COVER",5.467,25.0,hyundai / kia,5154.59,1
86613D2000,"BRACKET, PLASTIC",0.968,2.64,hyundai / kia,1300.04,1
866173M000,"PLUG, PLASTIC",0.009,0.024,hyundai / kia,146.98,1
866208A105,"MOULDING ASSY, PLASTIC",1.43,6.5,hyundai / kia,4263.26,1
86650K0010,BUMBER COVER ASSY ,2.695,25.0,hyundai / kia,7315.3,1
86650S8000,BUMBER COVER ASSY ,2.904,25.0,hyundai / kia,28791.97,1
866652W510,"MOULDING ASSY, BUMPER COVER",2.09,7.0,hyundai / kia,2523.85,1
86692D3000,INSULATOR ASSY,0.295,1.34,hyundai / kia,381.21,1
868103J000,"COVER ASSY, FENDER SPLASH SHIELD",1.1,10.0,hyundai / kia,1976.79,1
8681117000,"COVER ASSY, FENDER SPLASH SHIELD",0.627,10.0,hyundai / kia,1043.02,1
868112S700,"COVER ASSY, FENDER SPLASH SHIELD",1.051,10.0,hyundai / kia,1321.27,1
868113X700,"COVER ASSY, FENDER SPLASH SHIELD",0.858,10.0,hyundai / kia,998.22,1
868114Y000,"COVER ASSY, FENDER SPLASH SHIELD",0.55,10.0,hyundai / kia,1043.81,1
86811D7000,"COVER ASSY, FENDER SPLASH SHIELD",1.419,10.0,hyundai / kia,6387.82,1
86811F2001,"COVER ASSY, ENGINE SPLASH SHIELD",1.012,15.0,hyundai / kia,1083.89,1
868121R000,"COVER ASSY, FENDER SPLASH SHIELD",0.616,10.0,hyundai / kia,801.72,1
868123D000,"COVER ASSY, FENDER SPLASH SHIELD",0.781,10.0,hyundai / kia,1605.01,1
868123K500,"COVER ASSY, FENDER SPLASH SHIELD",0.859,10.0,hyundai / kia,1537.42,1
868123L000,"COVER ASSY, FENDER SPLASH SHIELD",1.001,10.0,hyundai / kia,1352.71,1
868123U010,"COVER ASSY, FENDER SPLASH SHIELD",0.737,10.0,hyundai / kia,2273.9,1
868124Y000,"COVER ASSY, FENDER SPLASH SHIELD",0.66,10.0,hyundai / kia,948.7,1
86812C1000,"COVER ASSY, FENDER SPLASH SHIELD",0.979,10.0,hyundai / kia,2806.02,1
86812L1000,"COVER ASSY, FENDER SPLASH SHIELD",1.364,10.0,hyundai / kia,2479.04,1
868202B200,"COVER ASSY, FENDER SPLASH SHIELD",3.113,10.0,hyundai / kia,2181.15,1
868213X700,"COVER ASSY, FENDER SPLASH SHIELD",0.484,10.0,hyundai / kia,1371.57,1
868233Z000,"COVER ASSY, FENDER SPLASH SHIELD",0.605,10.0,hyundai / kia,204.36,1
868243Z000,"COVER ASSY, FENDER SPLASH SHIELD",0.528,10.0,hyundai / kia,209.08,1
868402B200,"COVER ASSY, FENDER SPLASH SHIELD",1.001,10.0,hyundai / kia,1982.29,1
8684205500,"CLIP, PLASTIC",0.152,0.414,hyundai / kia,117.11,1
871102T000,"GLASS ASSY, REAR ",11.0,40.0,hyundai / kia,6892.43,1
87110H8030,"GLASS ASSY, WINDSHIELD ",5.302,40.0,hyundai / kia,9406.85,1
872331R000,"CLIP, PLASTIC",0.003,0.009,hyundai / kia,12.58,1
872522B500FBM,"MOULDING ASSY, OUTSIDE",0.178,0.81,hyundai / kia,515.62,1
872523J001,"MOULDING ASSY, PLASTIC",0.282,1.28,hyundai / kia,1709.55,1
872612S000,"MOULDING ASSY, PLASTIC",0.158,0.72,hyundai / kia,877.18,1
87293D9000,"PLUG, PLASTIC",0.009,0.024,hyundai / kia,110.83,1
873214H000,GASKET RUBBER SEAL,1.758,4.794,hyundai / kia,2700.7,1
876103A100EB,"PLUG, PLASTIC",0.05,0.135,hyundai / kia,62.88,1
876103A100YK,"BRACKET, PLASTIC",0.052,0.141,hyundai / kia,63.67,1
87616G2100,"COVER ASSY, OUTER MIRROR",0.163,0.74,hyundai / kia,630.37,1
87703H1000,"CLIP, PLASTIC",0.002,0.006,hyundai / kia,12.58,1
877053F000,"CLIP, PLASTIC",0.002,0.006,hyundai / kia,73.1,1
8771134510NWBR,"MOULDING ASSY, PLASTIC",0.054,0.245,hyundai / kia,148.55,1
87711S1AA0CA,FENDER FLARE,1.738,10.0,hyundai / kia,12774.86,1
877222W000CA,"MOULDING ASSY, PLASTIC",1.969,8.95,hyundai / kia,3526.0,1
877513U000,"MOULDING ASSY, PLASTIC",2.12,9.635,hyundai / kia,7999.12,1
87751D4010,STEP BAR ASSY,5.819,20.0,hyundai / kia,7376.61,1
87751F1100,"MOULDING ASSY, OUTSIDE",2.86,13.0,hyundai / kia,8759.97,1
87752G6300,"MOULDING ASSY, PLASTIC",1.958,8.9,hyundai / kia,14575.58,1
87756D3000,"CLIP, PLASTIC",0.003,0.009,hyundai / kia,14.15,1
877624A300YKBR,"MOULDING ASSY, PLASTIC",1.988,9.035,hyundai / kia,1422.66,1
877742C700,"MOULDING ASSY, PLASTIC",0.167,0.76,hyundai / kia,1764.57,1
921012G020,HEADLAMP ASSY,3.927,15.0,hyundai / kia,19980.12,1
92101D3100,HEADLAMP ASSY,7.153,15.0,hyundai / kia,23403.15,1
92101S1100,HEADLAMP ASSY,3.63,15.0,hyundai / kia,36781.66,1
9211025020,HEADLAMP ASSY,2.541,15.0,hyundai / kia,4308.07,1
921261W000,"COVER ASSY, PLASTIC",0.061,0.275,hyundai / kia,105.32,1
921312S500,"BRACKET, PLASTIC",0.028,0.075,hyundai / kia,121.83,1
92201FD000,HEADLAMP ASSY,0.44,15.0,hyundai / kia,2655.89,1
92280L1000,HEADLAMP ASSY,1.419,15.0,hyundai / kia,21479.02,1
924012B020,"LAMP ASSY, REAR",1.846,5.0,hyundai / kia,5231.62,1
924012W035,HEADLAMP ASSY,1.58,15.0,hyundai / kia,8538.32,1
92401F2000,"LAMP ASSY, REAR",2.769,5.0,hyundai / kia,7022.12,1
92401S8100,"LAMP ASSY, REAR",3.927,5.0,hyundai / kia,28226.83,1
924021E000,"LAMP ASSY, REAR",1.322,5.0,hyundai / kia,3759.44,1
924022B000,HEADLAMP ASSY,1.76,15.0,hyundai / kia,4609.1,1
924022B020,"LAMP ASSY, REAR",1.86,5.0,hyundai / kia,5231.62,1
924022W030,"LAMP ASSY, REAR",2.019,5.0,hyundai / kia,8127.24,1
924024F010,"LAMP ASSY, REAR",1.438,5.0,hyundai / kia,4856.69,1
924052P600,"LAMP ASSY, REAR",2.146,5.0,hyundai / kia,12605.08,1
924121R030,"LAMP ASSY, REAR",3.207,5.0,hyundai / kia,4890.49,1
928001E000OR,"LAMP ASSY, ROOM",0.186,0.507,hyundai / kia,797.79,1
9280023001AR,"LAMP ASSY, ROOM",0.259,0.705,hyundai / kia,669.67,1
928502H0008M,"LAMP ASSY, ROOM",0.184,0.501,hyundai / kia,1208.87,1
928502S000OM,"LAMP ASSY, ROOM",0.165,0.45,hyundai / kia,1171.14,1
931103K300,SWITCH ASSY,0.074,0.335,hyundai / kia,888.18,1
9317086101,"SENSOR ASSY, TRASMISSION SPEED",0.111,0.303,hyundai / kia,1279.61,1
934101G000,SWITCH ASSY,0.257,1.17,hyundai / kia,1150.7,1
934802E100,"SENSOR ASSY, THROTTLE POSITION",0.073,0.198,hyundai / kia,2280.97,1
934901G210,"CABLE ASSY, SPIRAL",0.265,0.723,hyundai / kia,5031.97,1
934902M550,"CABLE ASSY, SPIRAL",0.209,0.57,hyundai / kia,5843.12,1
934903M500,"CABLE ASSY, SPIRAL",0.185,0.504,hyundai / kia,5219.83,1
934903S110,"CABLE ASSY, SPIRAL",0.25,0.681,hyundai / kia,1874.61,1
93490A4010,"CABLE ASSY, SPIRAL",0.229,0.624,hyundai / kia,4028.25,1
935801E000,SWITCH ASSY,0.043,0.195,hyundai / kia,554.92,1
935812S000,SWITCH ASSY,0.042,0.19,hyundai / kia,1168.0,1
935813W000,SWITCH ASSY,0.028,0.125,hyundai / kia,766.35,1
937702E100CA,SWITCH ASSY,0.033,0.15,hyundai / kia,645.31,1
938108A101,SWITCH ASSY,0.055,0.25,hyundai / kia,652.38,1
9389073100,"SENSOR ASSY, OIL PRESSURE",0.057,0.156,hyundai / kia,311.26,1
9434072411,"SENSOR ASSY, SPEED",0.073,0.198,hyundai / kia,1803.08,1
944302P000,"SENSOR ASSY, FUEL ",0.116,0.315,hyundai / kia,2529.35,1
944307A500,"SENSOR ASSY, OIL PRESSURE",0.132,0.36,hyundai / kia,6813.05,1
944602E200,"SENSOR ASSY, FUEL LEVEL",0.044,0.2,hyundai / kia,1770.86,1
944602E250,"SENSOR ASSY, ABS",0.086,0.234,hyundai / kia,1770.86,1
94460C5150,"SENSOR ASSY, FUEL LEVEL",0.109,0.495,hyundai / kia,1799.94,1
946008A500,"SENSOR ASSY, SPEED",0.072,0.195,hyundai / kia,2038.1,1
9465072401,"SENSOR ASSY, TEMPERATURE",0.039,0.105,hyundai / kia,800.93,1
9465084000,"SENSOR ASSY, TEMPERATURE",0.045,0.123,hyundai / kia,910.19,1
9467072110,"SENSOR ASSY, TEMPERATURE",0.066,0.18,hyundai / kia,943.99,1
9475021030,"SENSOR ASSY, OIL PRESSURE",0.051,0.138,hyundai / kia,437.8,1
95670D3000,"SENSOR ASSY, ABS",0.106,0.288,hyundai / kia,3503.99,1
95671D3000,"SENSOR ASSY, ABS",0.098,0.267,hyundai / kia,3503.99,1
956802D050,"SENSOR ASSY, ABS",0.117,0.318,hyundai / kia,4739.58,1
956802D150,"SENSOR ASSY, ABS",0.156,0.426,hyundai / kia,4749.01,1
956812S300,"SENSOR ASSY, ABS",0.157,0.429,hyundai / kia,3650.18,1
957101R000,"SENSOR ASSY, ULTRASONIC",0.028,0.075,hyundai / kia,1718.98,1
959301R000,"SENSOR ASSY, AIR BAG",0.046,0.126,hyundai / kia,4040.04,1
964204A600,"SENSOR ASSY, SPEED",0.048,0.132,hyundai / kia,1839.24,1
969853X000,"CLIP, PLASTIC",0.007,0.018,hyundai / kia,635.87,1
97133C5000,"FILTER ASSY, CABIN AIR",0.166,0.453,hyundai / kia,869.32,1
971532E200,"PLUG, PLASTIC",0.01,0.027,hyundai / kia,72.31,1
973112E700,RUBBER TUBE,0.156,0.71,hyundai / kia,1922.56,1
973112J010,RUBBER TUBE,0.091,0.415,hyundai / kia,2189.8,1
973113E000,"HOSE ASSY, WINDSHIELD WASHER",0.143,0.65,hyundai / kia,486.53,1
973114U100,RUBBER TUBE,0.176,0.8,hyundai / kia,1094.9,1
973122E700,RUBBER TUBE,0.193,0.875,hyundai / kia,2068.75,1
973123E000,RUBBER TUBE,0.347,1.575,hyundai / kia,1070.53,1
974203K000QD,"REGISTER ASSY, INSTRUMENT PANEL",0.253,1.15,hyundai / kia,1446.24,1
974604A000FG,"REGISTER ASSY, INSTRUMENT PANEL",0.156,0.71,hyundai / kia,127.33,1
976062Y001,"RADIATOR ASSY, A/C ",2.398,6.54,hyundai / kia,16084.7,1
976063X601,"RADIATOR ASSY, A/C ",3.718,10.14,hyundai / kia,17277.07,1
977623X000,FERROUS PIPE,0.277,15.0,hyundai / kia,1414.01,1
981308D120,WIPER BLADE ASSY,0.286,1.3,hyundai / kia,1421.09,1
983501J000,WIPER BLADE ASSY,0.253,1.15,hyundai / kia,1265.46,1
9835028020,WIPER BLADE ASSY,0.11,0.5,hyundai / kia,292.39,1
983503J050,WIPER BLADE ASSY,0.257,1.17,hyundai / kia,1971.29,1
983503K050,WIPER BLADE ASSY,0.205,0.93,hyundai / kia,1654.53,1
98350C5600,WIPER BLADE ASSY,0.275,1.25,hyundai / kia,1827.45,1
983511R000,GASKET RUBBER SEAL,0.07,0.192,hyundai / kia,301.04,1
983602M010,WIPER BLADE ASSY,0.178,0.81,hyundai / kia,1360.57,1
986111G201,"RESERVOIR ASSY, WINDSHIELD",0.411,3.74,hyundai / kia,606.79,1
986111V000,"RESERVOIR ASSY, COOLANT ",0.496,1.0,hyundai / kia,233.44,1
986202W500,"RESERVOIR ASSY, WINDSHIELD",0.861,7.83,hyundai / kia,1436.02,1
986803M000,"PLUG, PLASTIC",0.035,0.096,hyundai / kia,1450.96,1
98681C5000,"PLUG, PLASTIC",0.03,0.081,hyundai / kia,388.28,1
988202E000,WIPER BLADE ASSY,0.066,0.3,hyundai / kia,466.88,1
988203J000,WIPER BLADE ASSY,0.088,0.4,hyundai / kia,1004.51,1
988501H000,GASKET RUBBER SEAL,0.066,0.18,hyundai / kia,466.88,1
98850S1000,WIPER BLADE ASSY,0.058,0.265,hyundai / kia,892.11,1
9929857MC0,GASKET RUBBER SEAL,0.001,0.003,hyundai / kia,184.71,1
99310M6100UD,"SENSOR ASSY, ULTRASONIC",0.029,0.078,hyundai / kia,2978.15,1
993128DMB0,FERROUS PIPE,0.228,15.0,hyundai / kia,4399.24,1
C1C79AC001,"FILTER ASSY, CABIN AIR",0.252,0.687,hyundai / kia,875.6,1
KK13768865A,"CLIP, PLASTIC",0.001,0.003,hyundai / kia,7.86,1
MDX5250628A,"CLIP, PLASTIC",0.001,0.003,hyundai / kia,109.25,1
MDX5250943A,"CLIP, PLASTIC",0.001,0.003,hyundai / kia,4.72,1
MFU6019335A,GASKET RUBBER SEAL,0.033,0.09,hyundai / kia,117.11,1
1573,LIGHT BULB,0.012,0.11,flosser,17.29,1
3157,LIGHT BULB,0.012,0.11,flosser,17.29,1
6418,LIGHT BULB,0.003,0.03,flosser,5.5,1
034115427B,GASKET RUBBER SEAL,0.011,0.03,vag,311.26,1
03F129717C,"GASKET, RUBBER",0.019,0.051,vag,596.57,1
04L131547S,"GASKET, RUBBER",0.006,0.015,vag,697.18,1
059117070B,GASKET RUBBER SEAL,0.01,0.027,vag,744.34,1
059919501A,"SENSOR ASSY, TEMPERATURE",0.024,0.066,vag,1845.53,1
066109091A,"GASKET, M/T OIL PAN",0.011,0.03,vag,437.8,1
06A103033A,RUBBER TUBE,0.022,0.1,vag,598.93,1
06F103212D,RUBBER TUBE,0.044,0.2,vag,2075.83,1
06H121119F,GASKET RUBBER SEAL,0.01,0.027,vag,227.94,1
06H145735G,FERROUS PIPE,0.143,15.0,vag,6014.47,1
06K115610M,"TUBE ASSY, PLASTIC",0.062,0.168,vag,3228.1,1
06L103801,"PLUG, PLASTIC",0.006,0.015,vag,287.68,1
06L103801D,"PLUG, PLASTIC",0.011,0.03,vag,319.12,1
070127511C,"HOSE ASSY, WINDSHIELD WASHER",0.132,0.6,vag,4987.96,1
070957147,"SENSOR ASSY, CRANKSHAFT POSITION",0.111,0.303,vag,7437.13,1
09G321181A,GASKET RUBBER SEAL,0.004,0.012,vag,971.5,1
10724486,"GASKET, EXHAUST PIPE PARONITE",0.01,0.027,vag,31.44,1
11628576287,"GASKET, EXHAUST MANIFOLD",0.006,0.015,vag,448.02,1
1HM803436,FENDER ASSY,12.98,15.0,vag,2720.35,1
1J0971615S,"PLUG, PLASTIC",0.011,0.03,vag,546.27,1
1J6853679EGQF,"PLUG, PLASTIC",0.011,0.03,vag,1674.18,1
1JM962103,SWITCH ASSY,0.059,0.27,vag,4538.36,1
1K08633309B9,"GASKET, RUBBER",0.036,0.099,vag,881.89,1
1L0807634,"MOULDING ASSY, PLASTIC",0.119,0.54,vag,1166.42,1
1P0805588D,"PANEL ASSY, MOUNTING RADIATOR",4.73,30.0,vag,7924.45,1
1T0857489,"GASKET, RUBBER",0.001,0.003,vag,305.75,1
1Z0807368C,"COVER ASSY, PLASTIC",0.11,0.5,vag,486.53,1
1Z1858415HN77,"PLUG, PLASTIC",0.044,0.12,vag,192.57,1
1Z9867501B2AV,"PANEL ASSY, HEADLINING ROOF",13.123,122.0,vag,32873.66,1
2E0821817,"CLIP, PLASTIC",0.002,0.006,vag,59.74,1
2H0121051F,RUBBER TUBE,0.123,0.56,vag,24333.77,1
2K58374789B9,"MOULDING ASSY, METAL",0.187,5.0,vag,2235.38,1
2N0301047E,"TUBE ASSY, PLASTIC",0.045,0.123,vag,2779.3,1
3B0122291B,"TUBE ASSY, PLASTIC",0.031,0.084,vag,1033.59,1
3B1819417C,"COVER ASSY, PLASTIC",1.474,6.7,vag,1576.72,1
3C0867333,"CLIP, PLASTIC",0.001,0.003,vag,47.95,1
3T5807521E,SPOILER ASSY,2.409,9.0,vag,4053.4,1
3V0905217AWHS,SWITCH ASSY,0.018,0.08,vag,2744.71,1
431616823B,"CLIP, PLASTIC",0.025,0.069,vag,112.4,1
4G0512135C,"PLUG, PLASTIC",0.022,0.06,vag,161.13,1
4G8807647D9B9,"GRILLE ASSY, RADIATOR",0.429,10.0,vag,6192.11,1
4K0133838S,AIR INTAKE CLEANER ASSY,2.233,3.5,vag,10440.44,1
4KE821021C,FENDER ASSY,2.321,15.0,vag,40196.83,1
4L0853742,"EMBLEM NAME PLATE, PLASTIC",0.045,0.123,vag,1572.79,1
4M0145683H,"TUBE ASSY, PLASTIC",0.158,0.432,vag,6395.68,1
4M0825206J,"COVER ASSY, FENDER SPLASH SHIELD",0.583,2.65,vag,6868.85,1
5658075219B9,BUMBER COVER ASSY ,4.95,25.0,vag,8796.91,1
566819416A9B9,"COVER ASSY, PLASTIC",0.748,3.4,vag,1721.34,1
57A121283,"COVER ASSY, PLASTIC",0.268,1.22,vag,523.48,1
57A819701ALZB,"GRILLE ASSY, RADIATOR",0.222,10.0,vag,2025.52,1
59145757,"GASKET, PLASTIC",0.003,0.009,vag,29.08,1
5E0945067A,"PLUG, PLASTIC",0.011,0.03,vag,47.16,1
5G0919492A,"PLUG, PLASTIC",0.009,0.024,vag,735.7,1
5J0998226E,"PLUG, PLASTIC",0.011,0.03,vag,81.74,1
5K0805413A,"COVER ASSY, PLASTIC",0.029,0.13,vag,287.68,1
5K0805912E,"COVER ASSY, FENDER SPLASH SHIELD",0.531,10.0,vag,5058.7,1
5L0853767,"MOULDING ASSY, PLASTIC",0.055,0.25,vag,667.31,1
5L0853768,"MOULDING ASSY, PLASTIC",0.055,0.25,vag,667.31,1
5M0945095S,"LAMP ASSY, REAR",1.538,5.0,vag,14820.03,1
5P0845011AMNVB,"GLASS ASSY, WINDSHIELD ",14.454,40.0,vag,18629.77,1
64111387946,RUBBER TUBE,0.04,0.18,vag,848.09,1
6K103583,GASKET RUBBER SEAL,0.024,0.066,vag,782.07,1
6K121085M,FERROUS PIPE,0.156,15.0,vag,2137.92,1
6L0853677A01C,"MOULDING ASSY, BUMPER COVER",0.092,25.0,vag,472.39,1
6L103801,"PLUG, PLASTIC",0.004,0.012,vag,256.24,1
6L103801D,"PLUG, PLASTIC",0.006,0.015,vag,319.12,1
6L4867012AQNHN,"BOARD DOOR, PANEL TRIM",2.662,12.1,vag,17554.52,1
6L6807050F,"BRACKET, PLASTIC",0.198,0.54,vag,652.38,1
6Q0711550,"CLIP, PLASTIC",0.002,0.006,vag,609.15,1
6Q6945096AA,"LAMP ASSY, REAR",1.091,5.0,vag,22289.39,1
6V6807421F,BUMBER COVER ASSY ,3.278,25.0,vag,18384.54,1
7018672999UW,"CLIP, METAL",0.001,0.003,vag,36.16,1
760845011AGNVB,"GLASS ASSY, WINDSHIELD ",16.5,40.0,vag,63443.56,1
7C0945096J,"LAMP ASSY, REAR",2.431,5.0,vag,9108.95,1
7L0122109F,RUBBER TUBE,0.202,0.92,vag,1245.81,1
7L0614725C,FERROUS PIPE,0.176,15.0,vag,4454.26,1
7LA807241A9B9,"COVER ASSY, PLASTIC",0.11,0.5,vag,1037.52,1
7LA8074909B9,"MOULDING ASSY, PLASTIC",0.415,1.885,vag,3327.14,1
7P6945701C,"LAMP ASSY, REAR",0.298,5.0,vag,3679.27,1
80A819332AC,"HOSE ASSY, WINDSHIELD WASHER",0.154,0.7,vag,1553.14,1
8D0807192,"CLIP, PLASTIC",0.003,0.009,vag,118.69,1
8K0823126J,"MOULDING ASSY, OUTSIDE",0.07,0.32,vag,488.89,1
8L3853492,"MOULDING ASSY, OUTSIDE",0.655,2.975,vag,5008.39,1
8R0807682JBJI,"MOULDING ASSY, BUMPER COVER",0.737,7.0,vag,6833.48,1
8R0807682TBJI,"MOULDING ASSY, BUMPER COVER",0.627,7.0,vag,10102.46,1
8S8825236N,"COVER ASSY, PLASTIC",2.31,10.5,vag,6110.36,1
8U0945096,LAMP ASSY,1.153,3.144,vag,8759.97,1
8W0253115D,"GASKET, EXHAUST MANIFOLD",0.017,0.045,vag,444.88,1
8W0615121E,"SENSOR ASSY, BRAKE PAD WEAR",0.03,0.081,vag,2421.67,1
N90262501,LIGHT BULB,0.002,0.02,vag,88.82,1
WHT003368,GASKET RUBBER SEAL,0.004,0.012,vag,414.22,1
1327097004,GASKET RUBBER SEAL,0.02,0.054,ud trucks,827.66,1
16444EP029,"FILTER ASSY, FUEL PUMP",0.281,1.275,ud trucks,584.0,1
210470T302,RUBBER TUBE,0.101,0.46,ud trucks,413.44,1
21069Z5506,"HOSE ASSY, WINDSHIELD WASHER",0.066,0.3,ud trucks,315.97,1
21310Z9005,"GASKET, PLASTIC",0.01,0.027,ud trucks,389.07,1
215031T300,RUBBER TUBE,0.413,1.875,ud trucks,1387.29,1
252408996E,"SENSOR ASSY, OIL PRESSURE",0.051,0.138,ud trucks,1800.73,1
25250Z2000,"SENSOR ASSY, TEMPERATURE",0.051,0.138,ud trucks,1143.63,1
25250Z5001,"SENSOR ASSY, OIL PRESSURE",0.051,0.138,ud trucks,1581.43,1
