oem_field,brend_field,name_field,volume_field,weight_field
ME200426,MITSUBISHI,Болт ГБЦ  ME200426    MITSUBISHI    (ORIGINAL),0,0
ME200427,MITSUBISHI,Болт ГБЦ  ME200427   MITSUBISHI   (ORIGINAL),0,0
MS-1180GP (STD),NDC,Вкладыш коренной  M062H    MS-1180GP    12207-J2000    (SIZE  STD)    ED30   /=M082H/     (NDC),0,0
MS-1180GP (STD),NDC,Вкладыш коренной  M082H    MS-1180GP    12207-J6500/J6510    (SIZE  STD)    ED33/FD35     (NDC),0,0
45440-7180,HINO,Внутренняя тяга  45440-7180/...    (ORIGINAL),0,0
45440-7180,SANWA,Внутренняя тяга  45440-7180/...    (SANWA),0,0
48817-30020,TZK,Втулка линка  48817-30020    TSB-809    KDJ120    8.5x26.5x17(20)    (TZK),0,0
48817-30020,TOYOTA,Втулка линка  48817-30020   TOYOTA    (ORIGINAL),0,0
1010A109,DOKURO,Втулка направляющая  1010A109    (DOKURO),0,0
MD050527,DOKURO,Втулка направляющая  MD050527    (DOKURO),0,0
MD076354,DOKURO,Втулка направляющая  MD076354    (DOKURO),0,0
MD076358,DOKURO,Втулка направляющая  MD076358    (DOKURO),0,0
ME204179,DOKURO,Втулка направляющая  ME204179    (DOKURO),0,0
S001-28-333,MARUICHI,Втулка рессоры  NSB-057/MD-2059/57-701    S001-28-333/55046-HC000    17.5x32x40    SE28M    (12)    (MARUICHI),0,0
S001-28-333,MAZDA,Втулка рессоры  NSB-057/MD-2059/57-701    S001-28-333/55046-HC000    17.5x32x40    SE28M    (12)    (ORIGINAL),0,0
4156A004,MITSUBISHI,Втулка стабилизатора  4156A004   MMC  (ORIGINAL),0,0
4156A028,MITSUBISHI,Втулка стабилизатора  4156A028   MMC   (ORIGINAL),0,0
4156A041,MITSUBISHI,Втулка стабилизатора  4156A041   MMC  PAJERO  06~21   REAR  (ORIGINAL),0,0
4156A085,MITSUBISHI,Втулка стабилизатора  4156A085   MMC  RVR/OUTLANDER  GA#W/GF#W   REAR  (ORIGINAL),0,0
48815-28030,TOYOTA,Втулка стабилизатора  48815-28030  TOYOTA    (ORIGINAL),0,0
54613-05N00,RBI,Втулка стабилизатора  54613-05N00    28    (RBI),0,0
54613-05N00,NISSAN,Втулка стабилизатора  54613-05N00    NISSAN    (ORIGINAL),0,0
MR418547,MITSUBISHI,Втулка стабилизатора  ASBMI1008/MSB-004/3326-2-0026-0    MR418547    24    V7#  REAR    (ORIGINAL),0,0
48815-32120,TOYOTA,Втулка стабилизатора  ASBTO1009    48815-32120/32060    25    SV2#/CV2#    FRONT    (ORIGINAL),0,0
48815-32120,TZK,Втулка стабилизатора  ASBTO1009    48815-32120/32060    25    SV2#/CV2#    FRONT    (TZK),0,0
48815-42020,TOYOTA,Втулка стабилизатора  ASBTO1017/3126-2-0041-3/TSB-721    48815-42020    SXA11    25    (ORIGINAL),0,0
48815-42020,TZK,Втулка стабилизатора  ASBTO1017/3126-2-0041-3/TSB-721    48815-42020    SXA11    25    (TZK),0,0
MB870662,MITSUBISHI,Втулка стабилизатора  MB870662    13    (ORIGINAL),0,0
MR374520,MITSUBISHI,Втулка стабилизатора  MR374520    MITSUBISHI   (ORIGINAL),0,0
MR554271,MITSUBISHI,Втулка стабилизатора  MSB-015/3326-2-0030-0    4056A121/MR554271    PAJERO  V83W/V93W  FRONT    (ORIGINAL),0,0
48815-28030,TZK,Втулка стабилизатора  TSB-759    48815-28030   TOYOTA    (TZK),0,0
MR984375,MITSUBISHI,Гидронатяжитель  MR984375    BTM-001    4G69    (ORIGINAL),0,0
MD168963,IZUMI,Гильзы (S)   ME168963/ME200685   MITSUBISHI  4M40  /комплект 4шт/   (IZUMI),0,0
MD103648,IZUMI,Гильзы K03-097089/0503S  (S)    MD103648/MD050430/MD050243    90.1-94.1-167   4D56/T  /к-т 4 шт/  MMC  (IZUMI),0,0
DT-083,AISIN,Диск сцепления  DT-083    31250-55101/...    325x210x10x27.9    (AISIN),0,0
DT-083,AISIN,Диск сцепления  DT-083    31250-55101/...    325x210x10x27.9    (БЕЗ УПАКОВКИ)    (AISIN),0,0
"165x125x4,0",NIKKI,"Диск фрикционный  165x125x4,0    (NIKKI)",0,0
"165x125x4,0",NITTO,"Диск фрикционный  165x125x4,0    (NITTO)",0,0
"165x125x4,0",SECO,"Диск фрикционный  165x125x4,0    (SECO)",0,0
NK1015-MS,NIKKI,"Диск фрикционный  170x110x3,2    NK1015-MS    (NIKKI)",0,0
NK1015-MS,NITTO,"Диск фрикционный  170x110x3,2    NK1015-MS    (NITTO)",0,0
NK2019-MS,NIKKI,"Диск фрикционный  212x150x3,5    NK2019-MS    (NIKKI)",0,0
NK2019-MS,NITTO,"Диск фрикционный  212x150x3,5    NK2019-MS    (NITTO)",0,0
NK2033-MS,NIKKI,"Диск фрикционный  215x150x3,8    NK2033-MS/N97862-A    (NIKKI)",0,0
NK2033-MS,NITTO,"Диск фрикционный  215x150x3,8    NK2033-MS/N97862-A    (NITTO)",0,0
"215x154x3,5",NITTO,"Диск фрикционный  215x154x3,5    (NITTO)",0,0
"215x154x3,5",SECO,"Диск фрикционный  215x154x3,5    (SECO)",0,0
"233x155x3,5",NIKKI,"Диск фрикционный  233x155x3,5    (NIKKI)",0,0
"233x155x3,5",SECO,"Диск фрикционный  233x155x3,5    (SECO)",0,0
NK3012-MS,NIKKI,"Диск фрикционный  325x190x4,0    NK3012-MS/N97761-A    (NIKKI)",0,0
NK3012-MS,NITTO,"Диск фрикционный  325x190x4,0    NK3012-MS/N97761-A    (NITTO)",0,0
NK3026-MS,NIKKI,"Диск фрикционный  380x220x5,0    NK3026-MS    (NIKKI)",0,0
NK3026-MS,NITTO,"Диск фрикционный  380x220x5,0    NK3026-MS    (NITTO)",0,0
NK3027-MS,NIKKI,"Диск фрикционный  380x240x4,0    NK3027-MS/N97550-A    (NIKKI)",0,0
NK3027-MS,NITTO,"Диск фрикционный  380x240x4,0    NK3027-MS/N97550-A    (NITTO)",0,0
NK3029-MS,NIKKI,"Диск фрикционный  380x240x5,0    NK3029-MS    (NIKKI)",0,0
NK3029-MS,NITTO,"Диск фрикционный  380x240x5,0    NK3029-MS    (NITTO)",0,0
NK4004-MS,NIKKI,"Диск фрикционный  410x252x5,0    NK4004-MS    (NIKKI)",0,0
NK4004-MS,NITTO,"Диск фрикционный  410x252x5,0    NK4004-MS    (NITTO)",0,0
MD365101,MITSUBISHI,Катушка зажигания   MD365101      H006T12671A    4G64   AIRTREK     (ORIGINAL),0,0
MR994643,MITSUBISHI,Катушка зажигания   MR994643/MR994642    MIC-M3097/FK0278-03K/GIC-P173    4G69     (ORIGINAL),0,0
MT141565,NDK,Кольцо резиновое  1.8-72    MT141565    R прокладка п/оси    (NDK),0,0
JH-08709,STONE,Кольцо резиновое  JH-08709   16618-5L300/90301-07033/91302-PNA-003    колечко под инжектор    (STONE),0,0
JH-08709,STONE,Кольцо резиновое  JH-08709   16618-5L300/90301-07033/91302-PNA-003   колечко под инжектор    (STONE),0,0
3200A103,MITSUBISHI,Кольцо уплотнительное раздаточной коробки   3200A103    MITSUBISHI   (ORIGINAL),0,0
2920A096,MITSUBISHI,Кольцо фильтра автомата  2920A096    /к фильтру 31726-1XF00/    (ORIGINAL),0,0
35876-STD,TP,Комплект поршневых колец   28902/28000/28130(RIK)//35876(TP)//SWT10108(NPR)    13011-16030/16031/16010/16011    (SIZE  STD)    4A-FE  AT190    (TP),0,0
35876-STD,TP,Комплект поршневых колец   28902/28560(RIK)//35876(TP)    13011-16011/16010/16031/16032    (SIZE  STD)    4A-ELU     (TP),0,0
4056A034,MITSUBISHI,Линк стабилизатора  4056A034    (ORIGINAL),0,0
4056A039,MITSUBISHI,Линк стабилизатора  4056A039    (ORIGINAL),0,0
MB831039,MITSUBISHI,Линк стабилизатора  MB831039    (ORIGINAL),0,0
SL-6300R,555,Линк стабилизатора  SL-6300R    51320-SEL-T01/...    (555),0,0
SL-6300R,SAFETY,Линк стабилизатора  SL-6300R    51320-SEL-T01/...    (SAFETY),0,0
MD016490,MITSUBISHI,"Маслосьемные колпачки   MV422    MD016490/MD307343    AV7015-R1/JF-36615    6G72,6G74,4G63,4G64    (ORIGINAL)",0,0
ME203255,THO,Маслосьемные колпачки   MV424    ME203255    4M41     (THO),0,0
MD356867,SHIMAHIDE,Муфта вентилятора  210-235/M-100F    MD356867    6G72/6G74  V65W/V75W/V83W/V93W    (SHIMAHIDE),0,0
ME200096,SHIMAHIDE,Муфта вентилятора  M-104F    ME200096    4M40T    (SHIMAHIDE),0,0
ME298543,SHIMAHIDE,Муфта вентилятора  M-107F    ME298543    4M41  V68W/V78W    (SHIMAHIDE),0,0
ME412758,MITSUBISHI,Муфта вентилятора  ME412758    4M42  FE7#B/FE84B    (ORIGINAL),0,0
ME412758,SHIMAHIDE,Муфта вентилятора  ME412758    4M42  FE7#B/FE84B    (SHIMAHIDE),0,0
SK30861CA,SAM,"Набор манжет ГТЦ  SK30861CA/FT-4034    MB238987    7/8""     (SAM)",0,0
SK30861CA,SEIKEN,"Набор манжет ГТЦ  SK30861CA/FT-4034    MB238987    7/8""     (SEIKEN)",0,0
SE-3881,555,Наконечник рулевой тяги  SE-3881    45046-09251/...    (555),0,0
SE-3881,555,"Наконечник рулевой тяги  SE-3881    45046-09251/...    (без упаковки, следы ржавчины)    (555)",0,0
MN158977,MITSUBISHI,Наконечник свечной   MN158977    4G64  CU4W    (ORIGINAL),0,0
MB618215,MITSUBISHI,Направляющая суппорта  TT-CU2W    MB618215/...    втулка    (ORIGINAL),0,0
MR594347,MITSUBISHI,Опора амортизатора  MSS-NA4F    MR594347    GRANDIS  NA4W/NA8W  FRONT     (ORIGINAL),0,0
MN103402,MITSUBISHI,Подушка двигателя  MN103402    (ORIGINAL),0,0
2015369,FORD,Подушка КПП  2015369   BK-21-6P082-AE  JMC   FORD  (ORIGINAL),0,0
2015369,FORD,Подушка КПП  2015369   BK-21-6P082-AE  OTOCAN   FORD  (ORIGINAL),0,0
MB275630,MITSUBISHI,Подушка кузова  MB275630    (ORIGINAL),0,0
MB275632,MITSUBISHI,Подушка кузова  MB275632    (ORIGINAL),0,0
30307J,NSK,Подшипник  30307J/30307JR-1/30307U    90033-66010/...    (NSK),0,0
30307J,NTN,Подшипник  30307J/30307JR-1/30307U    90033-66010/90366-35015/MS556560    (NTN),0,0
40TNK20,KOYO,Подшипник  40TNK20    (KOYO),0,0
40TNK20,NSK,Подшипник  40TNK20    90043-67012/...    (NSK),0,0
6218-CM,NTN,Подшипник  6218-CM    MS556018/...    90-160-30    (NTN),0,0
6304-ZNRC3,KOYO,Подшипник  6304-ZNRC3    97163-06304/...    20-52-15    (KOYO),0,0
6304-ZNRC3,NSK,Подшипник  6304-ZNRC3    97163-06304/...    20-52-15    (NSK),0,0
3785A018,MITSUBISHI,Подшипник  HUB092T-38    3785A018    CV5W    REAR    2WD    (ступ. узел)    (ORIGINAL),0,0
LM29748,KOYO,Подшипник  LM29748R/710R//LM29748/10    40215-M5600/...    (KOYO),0,0
LM29748,NTN,Подшипник  LM29748R/710R//LM29748/10    40215-M5600/...    (NTN),0,0
MB864966,MITSUBISHI,Подшипник  MB864966    (HUB111-4)    EC7A    REAR    в сборе со шпильками    (4 шт)    (ORIGINAL),0,0
6218-CM,NSK,Подшипник 6218-CM   MS556018 90-160-30  (NSK),0,0
MR403485,MITSUBISHI,Поперечная тяга задняя  MR403485    MMC    (ORIGINAL),0,0
1-12111-926-0,IZUMI,Поршень  1-12111-926-0   IMPA119260   ISUZU  8PE1  ALFIN  /комплект 8шт/   (IZUMI),0,0
1-12111-926-0,IZUMI,Поршень  1-12111-926-0   IMPA119260   ISUZU  8PE1  ALFIN  /поштучно/   (IZUMI),0,0
MD103308,ART,Поршень  MD103308    4D56T      (шт.)     (ART),0,0
ME032870,ART,Поршень  ME032870    MITSUBISHI   6D15  /поштучно/   (ART),0,0
ME032870,IZUMI,Поршень  ME032870    MITSUBISHI   6D15  ALFIN   /комплект 6шт/   (IZUMI),0,0
ME200689,IZUMI,Поршень  ME200689  MFPA0068920  4M40  ALFIN  /комплект 4 шт/    (IZUMI),0,0
ME201781,IZUMI,Поршень  ME201781/ME201780  4M40  ALFIN HEAD ANODIZED  /комплект 4 шт/    (IZUMI),0,0
1199,STANLEY,Предохранитель    LOW PROFILE FUSE 30A    вставка между конт.    F3050/1199     (STANLEY),0,0
MK601722,MITSUBISHI,Прокладка  MK601722/MT199415/...    (ORIGINAL),0,0
ME204040,SANWA,Прокладка ГБЦ    JA-31160    ME204040    4M41     (SANWA),0,0
MD614680,SANWA,Прокладка датчика холостого хода  MH10851    MD614680/...    (SANWA),0,0
MD359919,MITSUBISHI,Прокладка инжектора  JG-00000    MD359919    4G15     (ORIGINAL),0,0
1540A019,MITSUBISHI,Прокладка коллектора  JB-00000/MF10791    1540A019    (ORIGINAL),0,0
MD154025,SANWA,Прокладка коллектора  JB-32181/S55034        MD154025    6G72     (SANWA),0,0
1555A185,MITSUBISHI,Прокладка коллектора  JB-32543/MF10801    1555A185    4B12  EX     (ORIGINAL),0,0
11213-1950,SANWA,Прокладка под крышку клапанов  JC-00000    11213-1950/1741/1740//S1121-31950    P11C/P09C    (SANWA),0,0
11213-1950,HINO,Прокладка под крышку клапанов  JC-00000    11213-1950/1741/1740//S1121-31950    P11C/P09C    HINO  (ORIGINAL),0,0
MD030282,SANWA,Прокладка под крышку клапанов  JC-33008-K    MD030282    G1#B     (SANWA),0,0
MD186786,SANWA,Прокладка под крышку клапанов  JC-33034    MD186786    6G74     /=JC-33027    MD137051/    (SANWA),0,0
MD307705,SANWA,Прокладка под крышку клапанов  JC-33048    MD307705    4G93     (SANWA),0,0
MN137117,SANWA,Прокладка под крышку клапанов  JC-33086    MN137117    4G69  CU5W     (SANWA),0,0
MD125940,MITSUBISHI,Прокладка под свечные отверстия  JC-33024/MH10711    MD125940    E35A/E39A  4G67/4G61/4G63     (ORIGINAL),0,0
MD346062,SANWA,Прокладка под свечные отверстия  JC-33064    MD346062/1015B006    4G93  GDI    (1)     (SANWA),0,0
MD377813,SANWA,Прокладка под свечные отверстия  JF-36534    MD377813    4G19/4G15      /=MD178940/    (SANWA),0,0
MD186787,MITSUBISHI,Прокладка под свечные отверстия  JF-36646/MH10701/S62617    MD186787    6G74    (6)    (ORIGINAL),0,0
2705A017,MITSUBISHI,Прокладка поддона автомата   2705A017    CV1W/CW#W/GF#W    (ORIGINAL),0,0
ME203400,MITSUBISHI,Прокладка турбины  JG-37494    ME203400/ME191025/...    (ORIGINAL),0,0
MD771413,NDK,Пружинка КППП /нейтральное положение/  MD771413     (NDK),0,0
MR491361,MITSUBISHI,Пыльник  RP0000    MR491361    3320-1-0008-0/MRKB-CS    CQ2A    (ORIGINAL),0,0
MN101886,MITSUBISHI,Рем.комплект рулевой рейки   MN101886/MR961785    TSG4261    CQ2A/CS5W     MMC     (ORIGINAL),0,0
2365,BANDO,Ремень клиновый  2365    99331-50920/...    (BANDO),0,0
2445,BANDO,"Ремень клиновый  2445    MH014085/...    1140х9,5    (BANDO)",0,0
3440,BANDO,Ремень клиновый  3440    90916-62092/...    1090х13    (BANDO),0,0
7400,BANDO,Ремень клиновый  7400    ME900940/...    (BANDO),0,0
7400,BANDO,Ремень клиновый  7400/HDPF7400    ME900940/...    (усиленный)    (BANDO),0,0
3PK950,BANDO,Ремень ручейковый  3PK950    99363-00950/...    (BANDO),0,0
3PK950,IVECO,Ремень ручейковый  3PK950    99363-00950/...    (IVECO),0,0
4PK835,BANDO,Ремень ручейковый  4PK835    ZZS6-18-381A/...    (BANDO),0,0
4PK835,SUN,Ремень ручейковый  4PK835    ZZS6-18-381A/...    (SUN),0,0
7PK2240,BANDO,Ремень ручейковый  7PK2240    (BANDO),0,0
7PK2240,SUN,Ремень ручейковый  7PK2240    (SUN),0,0
FT-1127,FIC,Ремкомплект ГТЦ  200-43081/SK43081    FT-1127/TK-9453    04493-36080/...  BU85  1-1/16''    /=SK43761/    (FIC),0,0
FT-1188,FIC,Ремкомплект ГТЦ  SK43771    FT-1188    04493-36131/...  DYNA    1''    /=SK43781/    (FIC),0,0
A-650P,MIYACO,"Ремкомплект суппорта  260-10650/SP-A650P/A-650P    MR527672/...    CU2W,CU5W,NA4W  FRONT    (MIYACO)",0,0
MR527672,SAM,"Ремкомплект суппорта  260-10650/SP-A650P/A-650P    MR527672/...    CU2W,CU5W,NA4W  FRONT    (SAM)",0,0
A-650P,TOKICO,"Ремкомплект суппорта  260-10650/SP-A650P/A-650P    MR527672/...    CU2W,CU5W,NA4W  FRONT    (TOKICO)",0,0
A-100AP,FIC,Ремкомплект суппорта  260-11100/SP-A100AP/A-100AP    8-94230-526-0/...    2-1/8''    (FIC),0,0
A-100AP,MIYACO,Ремкомплект суппорта  260-11100/SP-A100AP/A-100AP    8-94230-526-0/...    2-1/8''    (MIYACO),0,0
TP-13,FIC,Ремкомплект суппорта  260-50013/SP-T13/TP-13/TP-44/MP-2070    41120-01A25/...    48.1    K11  FRONT    (FIC),0,0
TP-13,MIYACO,Ремкомплект суппорта  260-50013/SP-T13/TP-13/TP-44/MP-2070    41120-01A25/...    48.1    K11  FRONT    (MIYACO),0,0
MI-54,MRK,Ремкомплект шкворневой  MR218/KP-218/MI-54/MI-53    Y-45    9-88511-505-0    (MRK),0,0
1-47601-069-0,ISUZU,РТЦ (В СБОРЕ)  000-00000    1-47601-069-0    CYZ/CXZ  RR  2000~    (ORIGINAL),0,0
1-47601-069-0,TBK,РТЦ (В СБОРЕ)  000-00000    1-47601-069-0    CYZ/CXZ  RR  2000~    ISUZU    (TBK),0,0
48061-60030,TOYOTA,Сайлентблок  48061-60030    19x54x50.5    LJ78    (2)    (ORIGINAL),0,0
48061-60030,TZK,Сайлентблок  48061-60030    19x54x50.5    LJ78    (2)    (TZK),0,0
48655-20220,TOYOTA,Сайлентблок  48655-20220/44010/20221   TOYOTA   (ORIGINAL),0,0
8-97089-934-0,ISUZU,Сайлентблок  8-97089-934-0/2/3    0635-ELF    ELF  UP    (с резьбой)    (ORIGINAL),0,0
8-97089-934-0,GMB,Сайлентблок  8-97089-934-0/2/3//54519-89TA0    0635-ELF    ELF  UP    (с резьбой+пыльник 8-94233-208-1)    (GMB),0,0
48655-20220,TZK,Сайлентблок  AAMTO1004/TAB-006/3101-1-0062-6    48655-20220/44010/20221    22x60x54    ST190    4S-FE    задн. с/бл пер.рычага    2WD    (TZK),0,0
MR374569,MITSUBISHI,Сайлентблок  ADMMI1002/MM-V77    MR374569    V83W    (1)    (ORIGINAL),0,0
MB430145,TZK,Сайлентблок  MAB-026    MB430145/MR319537    16x44x69    (TZK),0,0
MR403358,MITSUBISHI,Сайлентблок  MAB-061    MR403358    (ORIGINAL),0,0
MB809201,MITSUBISHI,Сайлентблок  MAB-150    MB809201    (ORIGINAL),0,0
MB633003,MITSUBISHI,Сайлентблок  MAB-2M    MB633003    N43W    LH    (ORIGINAL),0,0
MB631492,MITSUBISHI,Сайлентблок  MAB-492    MB631492    16x65x60    (ORIGINAL),0,0
MB002979,TZK,Сайлентблок  MB002979    (TZK),0,0
MB003019,TZK,Сайлентблок  MB003019/MB003117    16x49x45    (TZK),0,0
MB110720,TZK,Сайлентблок  MB110720    14x49x60    (TZK),0,0
MB110808,TZK,Сайлентблок  MB110808    (TZK),0,0
MB110815,TZK,Сайлентблок  MB110815    (TZK),0,0
MB111203,TZK,Сайлентблок  MB111203    18x31x44    (TZK),0,0
MR316028,MITSUBISHI,Сайлентблок  MR316028    (ORIGINAL),0,0
32512-T8000,NISSAN,Сальник    32512-T8000    45-70-8.5  (1 половинка)   (ORIGINAL),0,0
40232-0P010,NISSAN,Сальник    40232-0P010   57-73-78-12     (ORIGINAL),0,0
43431-60B20,SUZUKI,Сальник   43431-60B20  SUZUKI     (ORIGINAL),0,0
1052A118,MITSUBISHI,Сальник  1052A118    85-103-8  BH4649-F0/F4206/BH5644-G0/F4207   4B11/4B12  REAR     (ORIGINAL),0,0
1052B665,MITSUBISHI,Сальник  1052B665    MITSUBISHI   (ORIGINAL),0,0
1213A027,MITSUBISHI,Сальник  1213A027/1052A768    41-55-6     Engine  KS1W  FRONT  PAJERO SPORT 15~  (ORIGINAL),0,0
782-18040,NDK,Сальник  17-31-7    782-18040    /=48029-04100/    (NDK),0,0
782-18040,NDK,Сальник  17-31-7    N2132/A8646-E    48029-04100    /=782-18040/    (NDK),0,0
MB553349,KOYO,Сальник  18.7-35-7    MB553349/MB166194    (KOYO),0,0
MD024529,TOMBOW,Сальник  23-34-8    NJ334    MD024529    (TOMBOW),0,0
32113-M8000,ARS,Сальник  25-40-8    N2178/NJ635/AH1314-F0/Z6112/AHH129-A0    32113-M8000/1N01-17-155/09283-25054    (ARS),0,0
32113-M8000,NDK,Сальник  25-40-8    N2178/NJ635/AH1314-F0/Z6112/AHH129-A0    32113-M8000/1N01-17-155/09283-25054    (NDK),0,0
MN195668,NOK,Сальник  29-48-6.5    F4259    MN195668    (NOK),0,0
MD703735,SANWA,Сальник  30-45-6    F4096/NJ611  (в металле)  MD703735/MD723202    (SANWA),0,0
MD703735,KOYO,Сальник  30-45-6    F4096/NJ611  (в резине)  MD703735/MD723202    (KOYO),0,0
MD723202,NDK,Сальник  30-45-6    F4096/NJ611  (в резине)  MD723202    (NDK),0,0
90043-11320,SANWA,Сальник  30-46-11    D6240/BH5249-E    90043-11320    Раздат. перед кард.  J102/S412M    (SANWA),0,0
3200A104,MITSUBISHI,Сальник  3200A104    MITSUBISHI   (ORIGINAL),0,0
3200A105,MITSUBISHI,Сальник  3200A105    MMC  (ORIGINAL),0,0
MH034067,THO,Сальник  32-45-8    F4129/AE1880/JF-56031    MH034067    Первичный вал  FB70A    (THO),0,0
8067-32160,SANWA,Сальник  32-55-8.5    S4895/BH5885-F0    8067-32160/32130    Engine  EJ20  FRONT    (SANWA),0,0
38189-18000,NDK,Сальник  32-58-12    N2066/NJ035    38189-18000    NISSAN    (NDK),0,0
38189-18000,THO,Сальник  32-58-12    N2066/NJ035    38189-18000    NISSAN    (THO),0,0
33111-AD300,NISSAN,Сальник  33111-AD300   TOYOTA   (ORIGINAL),0,0
38342-01E00,NDK,Сальник  33-56-48.5-24.5    N2334    38342-01E00    Перед привода  RH  U14/B12    (NDK),0,0
38342-01E00,NOK,Сальник  33-56-48.5-24.5    N2334    38342-01E00    Перед привода  RH  U14/B12    (NOK),0,0
38342-81X01,NDK,Сальник  33-59-11-17/33-59-11-17.5    N2250/NJ186/BE2351-E    38342-03E01/81X01//1N06-19-224    Перед привода  RH  Z50    (NDK),0,0
38342-81X01,NDK,Сальник  33-59-9-15.6/33-59-11-17.5    N2250/NJ186/BE2351-E    38342-81X01/03E01//1N06-19-224    Перед привода  RH  Z50    (NDK),0,0
90312-35002,SANWA,Сальник  35-49-7.5-11.4    T1373/BZ4396-E0    90312-35002/T0002    SR50  REAR  полуось  ABS    (SANWA),0,0
MB664588,KOYO,Сальник  35-58-8.5    F4193/BC4353-E    MB664588    (KOYO),0,0
MD703743,KOYO,Сальник  36-52-10    F4097/NJ612/AH8378-E0/BHH547-A0    MD703743    (KOYO),0,0
90311-38013,KOYO,Сальник  38.5-58-11    T1060/AH2304-E0/NJ102    90311-38013/38002/38111/38024    (KOYO),0,0
90311-38056,ARS,Сальник  38-52.5-6    90311-38056    (ARS),0,0
90311-38015,KOYO,Сальник  38-65-12-19    T1117/ADD106-A0/NJ017    90311-38015/38014    (KOYO),0,0
3885A008,MITSUBISHI,Сальник  3885A008    69-95-8-12    XG0522-E     (ORIGINAL),0,0
91212-PWA-003,ARS,Сальник  40-55-7    A6622/AH2358-J0/BHH145-A0    91212-PWA-003/91212-RB0-003/9121-RB0-004    Engine  L13A/L15A/LEA/LDA  FRONT  (ARS),0,0
9S9V-34-0028,SANWA,Сальник  40-58-10/40-58-9.5    Z6162/E802    9S9V-34-0028/09283-40028    (SANWA),0,0
9S9V-34-0028,THO,Сальник  40-58-10/40-58-9.5    Z6162/E802    9S9V-34-0028/09283-40028    (THO),0,0
90311-40001,SANWA,Сальник  40-58-11    T1330/NK076/BH2051-E0/BHH768-A0/JF-16B12    90311-40001    Хвостовик автомата  JZX93    (SANWA),0,0
BD2707-F0,NOK,Сальник  40-64-10-16    M4633/BD2707-F0/E0/NJ814    M054-27-165    (NOK),0,0
BD2707-F0,SANWA,Сальник  40-64-73-15.5    BD2707-F0    M053-27-165    Хвостовик перед редук.  SK22M/LVLR    (SANWA),0,0
AEE601-A0,NOK,Сальник  40-80-10   BH3016-E/AEE601-A0    (NOK),0,0
91212-P8A-A01,ARS,Сальник  41.5-56-8/41-56-8    A6613/AE2444E    91212-P8A-A01    Engine  J30A  FRONT    (ARS),0,0
41-47-12.8-16,MUSASHI,Сальник  41-47-12.8-16    BUGATTY  VEYRON    (MUSASHI),0,0
41-47-12.8-16,NOK,Сальник  41-47-12.8-16    BUGATTY  VEYRON    (NOK),0,0
MN132370,NDK,Сальник  41-61-16    MN132370    Перед привода  RH  CU2W    (NDK),0,0
90311-41009,SANWA,Сальник  41-74-11-18.5   BH6832-E/T1379    90311-41009/T0013   (SANWA),0,0
MB303297,KOYO,Сальник  43-58-6.5-9    F6306    MB303297    (KOYO),0,0
90311-43007,KOYO,Сальник  43-58-8   MK043A4/T1435   90311-43007/...  между кпп и р/к   PRADO 120/150//SURF 215//FJ 15//GX470/460   TOYOTA   (KOYO),0,0
90311-43006,SANWA,Сальник  43-60-7    T1316/BH4031-F/G/E    90311-43006      (SANWA),0,0
90311-43009,SANWA,Сальник  43-70-9-15.5    T1286/BH2716-E0    90311-43001/43009    Привода заднего редуктора   JZS14#/JZS155/JZS175/JZS171/JCG11   (SANWA),0,0
MD069949,SANWA,Сальник  44-60-7    F4190/F4104/D4739/F4224/BHH120-A0/AH2554-E0    MD008882/MD343563/MD069949    Engine  4D56/4G63  FRONT    (SANWA),0,0
90311-44005,SANWA,Сальник  44-74-11-16    90311-44005    BH4053-E0/T1285  /в резине/   Хвост.заднего редуктора   JZS155/UZS18#/GRS204/AWS21#/GRX133   (SANWA),0,0
MB001314,KOYO,Сальник  45-58-9    F4092/AD8058-E0    MB001314    (KOYO),0,0
MD704164,NDK,"Сальник  45-68.2-15    F4211/JF-36929    MD704164/MR145502    на раздатку  V24,V63,V44  Сдвоенный    (NDK)",0,0
32512-T8000,NDK,Сальник  45-70-15    32512-T8000    Сдвоенный    (NDK),0,0
MB664285,KOYO,Сальник  45-72-12    AH2685-G1/F4103    MB664285/MT203648    Хвостовик перед редук.  V46W/V93W  MT  MMC  (KOYO),0,0
90311-45028,SANWA,Сальник  45-74-11-17    XH0563-E    90311-45028   (SANWA),0,0
90311-47001,KOYO,Сальник  47.5-70.6-9    T1078/AEE398A    90311-47001    LY61/YY61  REAR  полуось    (KOYO),0,0
90311-47013,SANWA,Сальник  47-80-10-16    T1380/BH5321-F/E    90311-47013/...    Перед привода  RH  VDJ200/GRN285/UZJ100/RZN215/TRJ12#    (SANWA),0,0
40227-M3005,NDK,Сальник  48-62-13    N2090    40227-M3005    NISSAN    (NDK),0,0
40227-M3005,NOK,Сальник  48-62-13    N2090    40227-M3005    NISSAN    (NOK),0,0
W029-26-157,MUSASHI,Сальник  49-56-9    M4538/SS008Z    W029-26-157    Задняя. ступ. наруж.  WHF3F    (MUSASHI),0,0
W029-26-157,NDK,Сальник  49-56-9    M4538/SS008Z    W029-26-157    Задняя. ступ. наруж.  WHF3F    (NDK),0,0
90311-49001,KOYO,Сальник  49-62-8    T1410/MK050A4    90311-49001    Перед привода  LH  ANH25/ACA31    (KOYO),0,0
43431-60B20,SANWA,Сальник  49-62-8-11    Z6128/BD4618-E    43431-60B20    (SANWA),0,0
MR581855,NDK,Сальник  49-72-8    MR581855    Перед привода  RH  CU2W    (NDK),0,0
MB176746,KOYO,Сальник  50-66.5-13-16    F4094/NJ538/BEE729-A    MB176746/MB109057    (KOYO),0,0
MB176746,NOK,Сальник  50-66.5-13-16    F4094/NJ538/BEE729-A    MB176746/MB109057    (NOK),0,0
90311-50014,SANWA,Сальник  50-70-10-16    T1275/AH2854-F0    90311-50014/...    Раздат. задний кард.  UZJ200/VDJ200/LX450D/LX570    (SANWA),0,0
MB664612,SANWA,Сальник  50-75-9    F4182/BD4522-E0/NK195    MB664612/3715A175    Задняя. ступ. наруж.  V46W/PE8W    (SANWA),0,0
MA181498,KOYO,Сальник  51-65-9/52-65-9    F4010/Z6173/AB2955H/ABB013-B0    MA181498/43592-52D00/MA125991    PAJERO MINI  H58A  REAR  полуось    (KOYO),0,0
90311-52006,KOYO,Сальник  52-66-7.5-12    T1200/BD3534-E0/BDD1339-A0/NJ867    90311-52006/52012/52018    Перед. ступ. наруж.  AE111    (KOYO),0,0
33111-AD300,NDK,Сальник  52-66-9    33111-AD300/AD30A    (NDK),0,0
40227-M6505,NDK,Сальник  52-68-13    N2091/NJ639    40227-M6505/M5601/M5605    (мет)    (NDK),0,0
40227-M6505,NDK,Сальник  52-68-13    N2091/NJ639    40227-M6505/M5601/M5605    (резин)    (NDK),0,0
MB303875,KOYO,Сальник  52-72-8-11    F4159/NJ825/F6237/NAD5258-A0    MB303875    Перед. ступ. наруж.  N28W    (KOYO),0,0
90311-56016,KOYO,Сальник  56-73-7.5-15    T1254/NJ139/BD3277-F0/BD3277-H    90311-56016    Перед. ступ. внутр.  EL5#    (KOYO),0,0
90311-56008,KOYO,Сальник  56-73-8-12.5    T1199/BD3537-E0/BDD1331-A0/NJ868    90311-56008/56018/56026/56027    Перед. ступ. внутр.  AE111    (KOYO),0,0
MH034121,KOYO,Сальник  57-70-9    F4215    MH034121//MH034233    Первичный вал  FT517    (KOYO),0,0
90311-58007,SANWA,Сальник  58.5-75-9-14.5    T1226/AH3148-K0    90311-58007    Engine  1HD-FTE  FRONT  /=H3095/    (SANWA),0,0
90311-58006,SANWA,Сальник  58-72-7    T1225/BH0390-G0/F0    90311-58006   TOYOTA   1KZ/1HD/1HZ   привод ТНВД   (SANWA),0,0
40232-0P010,NDK,Сальник  58-73-8.4-12.9    N2306    40232-0P010/0P011/0P016    Задняя. ступ. внутр.  U30    (NDK),0,0
AEE601-A0,NOK,Сальник  58-75-9    N2043/AE3148-F1/G1/AH3148-F1/I0/AEE989-A0/NJ297    32136-Z5000/Z5002//9828-58105/MH034148    Хвостовик мкпп  CM87B    (NOK),0,0
13043-T7200,NDK,Сальник  58-80-12    N2028/NJ369    13043-T7200    Engine  SD25  FRONT  /=13043-76200/    (NDK),0,0
13043-T7200,NOK,Сальник  58-80-12    N2028/NJ369    13043-T7200    Engine  SD25  FRONT  /=13043-76200/    (NOK),0,0
90311-62001,KOYO,Сальник  62-85-8-10    T1095/AAA397-A0/NAA0197-A0/AA8098-E0/NJ062    90311-62001    Перед. ступ. внутр.  HDJ81    (KOYO),0,0
90311-63001,KOYO,Сальник  63-90-7-9.2    T1207/BD3123-E0    90311-63001    Задняя. ступ. внутр.  GS151/JZS15#    (KOYO),0,0
90311-65003,SANWA,Сальник  65-79-7    T1375/JF-16347/BH5912-E0    90311-65003/65004   (SANWA),0,0
90311-68001,KOYO,Сальник  68-90-10    T1098/AA3459-F0/NJ525/BCC266-A0/SS001T    90311-68001    Перед. ступ. внутр.  LY6#/YY61    (KOYO),0,0
MD016549,KOYO,Сальник  72-96-9    F4105/NJ006/AH3560H/BHH717-A0    MD016549/MD008885/MD117643/MD372250/21443-21010    Engine  4G13/4G15  REAR    (KOYO),0,0
MB161134,SANWA,Сальник  74.4-99.5-7.7    F4031/NJ398    MT420207/MB161134    (SANWA),0,0
90311-75007,SANWA,Сальник  75-100-10    T1295/BEE044A    90311-75007    Engine  1G-FE  REAR    (SANWA),0,0
W782-33-065A,KOYO,Сальник  75-105-10-14    M4623/AD3627-F    W782-33-065A    Перед. ступ. внутр.  WGEAD    (KOYO),0,0
8067-32160,SUBARU,Сальник  8067-32160/32130    SUBARU    (ORIGINAL),0,0
8-97071-561-1,ISUZU,Сальник  8-97071-561-1   ISUZU   (ORIGINAL),0,0
90043-11320,DAIHATSU,Сальник  90043-11320   DAIHATSU/TOYOTA   (ORIGINAL),0,0
90311-38013,TOYOTA,Сальник  90311-38013/38111    38-58-11    /AH2304P/    (ORIGINAL),0,0
90311-38015,TOYOTA,Сальник  90311-38015    TOYOTA    (ORIGINAL),0,0
90311-38056,TOYOTA,Сальник  90311-38056    TOYOTA   (ORIGINAL),0,0
90311-40001,TOYOTA,Сальник  90311-40001    40-58-11    /BH2051E/    (ORIGINAL),0,0
90311-41009,TOYOTA,Сальник  90311-41009   TOYOTA    (ORIGINAL),0,0
90311-43006,TOYOTA,Сальник  90311-43006   TOYOTA    (ORIGINAL),0,0
90311-43007,TOYOTA,Сальник  90311-43007   TOYOTA   (ORIGINAL),0,0
90311-43009,TOYOTA,Сальник  90311-43009   TOYOTA   (ORIGINAL),0,0
90311-44005,TOYOTA,Сальник  90311-44005    TOYOTA    (ORIGINAL),0,0
90311-45028,TOYOTA,Сальник  90311-45028    TOYOTA   (ORIGINAL),0,0
90311-47001,TOYOTA,Сальник  90311-47001    TOYOTA   (ORIGINAL),0,0
90311-47013,TOYOTA,Сальник  90311-47013   TOYOTA    (ORIGINAL),0,0
90311-49001,TOYOTA,Сальник  90311-49001    49-62-8    MK050A4    с раздатки    (ORIGINAL),0,0
90311-50014,TOYOTA,Сальник  90311-50014    TOYOTA    (ORIGINAL),0,0
90311-52006,TOYOTA,Сальник  90311-52006    52-66-7.5-12    /BD3534-E0/    (ORIGINAL),0,0
90311-56008,TOYOTA,Сальник  90311-56008    TOYOTA   (ORIGINAL),0,0
90311-56016,TOYOTA,"Сальник  90311-56016    56-73-7,5-15    /BD3277H/    (ORIGINAL)",0,0
90311-58006,TOYOTA,Сальник  90311-58006    TOYOTA    (ORIGINAL),0,0
90311-58007,TOYOTA,Сальник  90311-58007    58-75-9-14    (ORIGINAL),0,0
90311-62001,TOYOTA,Сальник  90311-62001    62-85-8-10    /AA8098-E/    (ORIGINAL),0,0
90311-63001,TOYOTA,Сальник  90311-63001   TOYOTA    (ORIGINAL),0,0
90311-65003,TOYOTA,Сальник  90311-65003    TOYOTA   (ORIGINAL),0,0
90311-68001,TOYOTA,Сальник  90311-68001    TOYOTA    (ORIGINAL),0,0
90311-75007,TOYOTA,Сальник  90311-75007    TOYOTA   (ORIGINAL),0,0
90312-35002,TOYOTA,Сальник  90312-35002    TOYOTA    (ORIGINAL),0,0
91212-P8A-A01,HONDA,Сальник  91212-P8A-A01   HONDA   (ORIGINAL),0,0
91212-PWA-003,HONDA,Сальник  91212-PWA-003   HONDA   (ORIGINAL),0,0
BH4392-F0,NOK,Сальник  92-110-9    BH4392-F0/MK092F1    90311-92008/92007/90080-31053     (NOK),0,0
BH4392-F0,NOK,Сальник  92-110-9.5    T1361/JF-16262-1/BH4392-F0    90311-92006    Engine  2GR/5VZ  REAR    (NOK),0,0
8-97071-561-1,KOYO,Сальник  95-118-10   8-97071-561-1/12279-89TA2    BZ4962-G0/I3693  (без обоймы)  Engine  4JG2/4JX1/4JH1/4JJ1  REAR   ISUZU  (KOYO),0,0
MB160578,MITSUBISHI,Сальник  MB160578    MITSUBISHI   (ORIGINAL),0,0
MB160946,MITSUBISHI,Сальник  MB160946    MITSUBISHI   (ORIGINAL),0,0
MB161139,MITSUBISHI,Сальник  MB161139  Hab наружного действия   MMC     (ORIGINAL),0,0
MB166102,MITSUBISHI,Сальник  MB166102   Г/У  кольцо   MMC     (ORIGINAL),0,0
MB303297,MITSUBISHI,Сальник  MB303297  43-58-5-8.5  /BF2424-F0/   MMC     (ORIGINAL),0,0
MB303875,MITSUBISHI,Сальник  MB303875    52-72-8-11    F4159   MMC   (ORIGINAL),0,0
MB393883,MITSUBISHI,Сальник  MB393883    MITSUBISHI   (ORIGINAL),0,0
MB573309,MITSUBISHI,Сальник  MB573309    54-82-8-11    F4172     (ORIGINAL),0,0
MB633432,MITSUBISHI,Сальник  MB633432   MITSUBISHI     (ORIGINAL),0,0
MB664612,MITSUBISHI,Сальник  MB664612   51-75-9  MMC     (ORIGINAL),0,0
MD343566,MITSUBISHI,Сальник  MD050605/MD343566/MD069948    17-28-7    AH0736-J    4D56     (ORIGINAL),0,0
MD069947,MITSUBISHI,Сальник  MD069947/MD343564    80-96-9    BH6254-E0    4D56     (ORIGINAL),0,0
MD343563,MITSUBISHI,Сальник  MD069949/MD343563    44-60-7    AH2554-J0    4D56   MMC    (ORIGINAL),0,0
MD069950,MITSUBISHI,Сальник  MD069950/MD343565    25-35-6    BH1292-J0    4D56   MMC  (ORIGINAL),0,0
MD152603,MITSUBISHI,Сальник  MD152603    MITSUBISHI  (ORIGINAL),0,0
MD153104,MITSUBISHI,Сальник  MD153104/MD372248      30-46-7          MMC     (ORIGINAL),0,0
MD372249,MITSUBISHI,Сальник  MD372249/MD120700/MD088855/MD168055    37-50-6    AH8740-I0/F0/F4184/NJ874    6G72/6G74       /=F4209/     (ORIGINAL),0,0
MR145792,MITSUBISHI,Сальник  MD711769/MR145792    45-68.2-8.3    F4212         (ORIGINAL),0,0
MD731708,MITSUBISHI,Сальник  MD731708    MITSUBISHI  (ORIGINAL),0,0
ME202850,MITSUBISHI,Сальник  ME202850/ME202325    MITSUBISHI    (ORIGINAL),0,0
ME202851,MITSUBISHI,Сальник  ME202851   MITSUBISHI   (ORIGINAL),0,0
ME203250,MITSUBISHI,Сальник  ME203250    90.5-114-12    F4245/BH6237-E/JF-36033/BHH1165-A0    4M41  V78W     MMC  (ORIGINAL),0,0
MH034121,MITSUBISHI,Сальник  MH034121/MH034233    57.5-70-8.5     (ORIGINAL),0,0
MN128731,MITSUBISHI,Сальник  MN128731   90-117-8    XH0239E    4D56  L200  REAR    MMC     (ORIGINAL),0,0
MR350883,MITSUBISHI,Сальник  MR350883   MITSUBISHI   (ORIGINAL),0,0
MR580530,MITSUBISHI,Сальник  MR580530/MB160949   MITSUBISHI    (ORIGINAL),0,0
W782-33-065A,MAZDA,Сальник  W782-33-065A    MAZDA     (ORIGINAL),0,0
3440,NGK,Свеча зажигания    BKR5EP-11/PK16R-11     90919-01168     3440    3RZ/1JZ/2JZ/1FZ    (6)     (NGK),0,0
2445,NGK,Свеча зажигания    PFR5F-11A              2445    VG30DE/VG30DET    (6)     (NGK),0,0
2365,NGK,Свеча зажигания    PFR5K-11          2365    RB25DE    (6)     (NGK),0,0
1199,NGK,Свеча зажигания    SD11A          1199    13B    (4)     (NGK),0,0
GT208,EIKO,Свеча накаливания  PT100    GT208    19850-56021    B    12V-8.5V    /=PT104/     (EIKO),0,0
GT208,EIKO,"Свеча накаливания  PT104    GT208    Y-128T    19850-56021/56022    2J,B,2B    12V-8.5V    /=PT100/     (EIKO)",0,0
WH31U-82TB,TAMA,Термостат  WH31U-82TB/B    21200-31U10/...    (с трубочкой)    VQ25    (TAMA),0,0
WH31U-82TB,TAMA,Термостат  WH31U-82TBA/B-P1    21200-31U10/...    (TAMA),0,0
4TB0618,SBK,Тросик стояночного тормоза  4TB0618    46430-36230    (SBK),0,0
4TB0618,TSK,Тросик стояночного тормоза  4TB0618    46430-36230/...    (TSK),0,0
9TB7169,SBK,Тросик стояночного тормоза  9TB7169/4TB1066/4PB1287    46420-12400/...    (SBK),0,0
9TB7169,TSK,Тросик стояночного тормоза  9TB7169/4TB1066/4PB1287    46420-12400/...    (TSK),0,0
46410-26371,CHUHATSU,Тросик стояночного тормоза  9TB7205    46410-26371    DYNA HIACE  LY111/101/151/161/YY101  (центральный)    (CHUHATSU),0,0
46410-26371,SBK,Тросик стояночного тормоза  9TB7205    46410-26371    DYNA HIACE  LY111/101/151/161/YY101  (центральный)    (SBK),0,0
9TB7218,CHUHATSU,Тросик стояночного тормоза  9TB7218    46410-35700    HILUX  KZN130/LN8#/10#/112/13#/VZN130/YN8#/10#/130    (CHUHATSU),0,0
9TB7218,SBK,Тросик стояночного тормоза  9TB7218    46410-35700    HILUX  KZN130/LN8#/10#/112/13#/VZN130/YN8#/10#/130    (SBK),0,0
46420-26211,CHUHATSU,Тросик стояночного тормоза  9TB7705/9TB7338    46420-26211    DYNA/HIACE/TOYOACE  YY121/LY162/LY152/LY101/LH85/YH81    (CHUHATSU),0,0
46420-26211,SBK,Тросик стояночного тормоза  9TB7705/9TB7338    46420-26211    DYNA/HIACE/TOYOACE  YY121/LY162/LY152/LY101/LH85/YH81    (SBK),0,0
MN183902,MITSUBISHI,Успокоитель цепи   MN183902    4B12    балансиров.     (ORIGINAL),0,0
MN183903,MITSUBISHI,Успокоитель цепи   MN183903    4B12    балансиров.     (ORIGINAL),0,0
40579-VB000,NDK,Фетр поворотного кулака  40579-VB000    (NDK),0,0
40579-VB000,NISSAN,Фетр поворотного кулака  40579-VB000    (ORIGINAL),0,0
2824A007,MITSUBISHI,Фильтр рабочей жидкости автомата   HCT1209-1    2824A007/31728-1XF02    SF332/JT23000K    (113320/073320)    (ORIGINAL),0,0
FT-1127,MICRO,Фильтр топливный  FT1127/MFT1127    FC-189    115000-2410    23300-19465/...    (MICRO),0,0
FT-1188,MICRO,Фильтр топливный  FT1188    FC-130/F-136    23300-26060/...    (MICRO),0,0
MD619962,MITSUBISHI,Фильтр топливный  MD619962    ТНВД  GDI  (сеточка)    (ORIGINAL),0,0
T406-1270,TBK,Фрикционная накладка   T406-1270    (штучно)    (TBK),0,0
T406-1270,TBK,Фрикционная накладка   T406-1270    KN4061270005/KN4061270007    2308-354620P+H    KIT(4+4)    (TBK),0,0
T410-1801,TBK,Фрикционная накладка   T410-1801    (штучно)    (TBK),0,0
T410-1801,TBK,Фрикционная накладка   T410-1801/T410-1811    KN4101801007    47115-409    KIT(8)    (TBK),0,0
ME203085,MITSUBISHI,Цепь газораспределения   ME203085/ME192230    4M41  V78W     (ORIGINAL),0,0
MD070718,MITSUBISHI,Шайба под форсунку   JG-37126   MD070718    4M40     (ORIGINAL),0,0
MI-54,HDK,ШРУС внешний  MI-54/MI-054   26-60-28             MR580449   NA4W     (HDK),0,0
84982-CL002,NISSAN,Шторка багажника  84982-CL002    NISSAN   (ORIGINAL),0,0
84982-CL002,NISSAN,Шторка багажника  84982-CL002    NISSAN   (без упаковки)   (ORIGINAL),0,0
1052A118,MITSUBISHI,Wellendichtring,0,0
1052B665,MITSUBISHI,Wellendichtring,0,0
1010A109,MITSUBISHI,Ventilfuehrung,0,0
1213A027,MITSUBISHI,Wellendichtring,0,0
1540A019,MITSUBISHI,ANSKR-Dichtung,0,0
1555A185,MITSUBISHI,APKR-Dichtung,0,0
2705A017,MITSUBISHI,Oelwannendichtung,0,0
2824A007,MITSUBISHI,Oelfilter A/T,0,0
2920A096,MITSUBISHI,O-Ring,0,0
3200A103,MITSUBISHI,O-Ring,0,0
3200A104,MITSUBISHI,Wellendichtring,0,0
3200A105,MITSUBISHI,Wellendichtring,0,0
3785A018,MITSUBISHI,Radnabe H.,0,0
3885A008,MITSUBISHI,Wellendichtring,0,0
4056A034,MITSUBISHI,Stabi-Gelenk VL,0,0
4056A039,MITSUBISHI,VA-Stabigelenk,0,0
4156A004,MITSUBISHI,Stabi-Buchse H.,0,0
4156A028,MITSUBISHI,Stabi-Buchse H.,0,0
4156A041,MITSUBISHI,Stabi-Buchse H.,0,0
4156A085,MITSUBISHI,Stabi-Buchse H.,0,0
MA181498,MITSUBISHI,Wellendichtring,0,0
MB001314,MITSUBISHI,Wellendichtring,0,0
MB002979,MITSUBISHI,Achslenkerbuchse,0,0
MB003019,MITSUBISHI,Buchse,0,0
MB110720,MITSUBISHI,Achslenkerbuchse,0,0
MB110808,MITSUBISHI,Achslenkerbuchse,0,0
MB110815,MITSUBISHI,QUERLENK-BUCHSE,0,0
MB111203,MITSUBISHI,HAFED GU-LAGER,0,0
MB160578,MITSUBISHI,Wellendichtring,0,0
MB160946,MITSUBISHI,Staubschutzdichtung,0,0
MB161134,MITSUBISHI,Wellendichtring,0,0
MB161139,MITSUBISHI,Wellendichtring,0,0
MB166102,MITSUBISHI,Wellendichtring,0,0
MB176746,MITSUBISHI,Wellendichtring,0,0
MB275630,MITSUBISHI,KAROS-GU-PUFFER,0,0
MB275632,MITSUBISHI,KAROS-GU-PUFFER,0,0
MB303875,MITSUBISHI,Wellendichtring,0,0
MB393883,MITSUBISHI,Wellendichtring,0,0
MB430145,MITSUBISHI,VA-BUCHSE,0,0
MB553349,MITSUBISHI,Wellendichtring,0,0
MB573309,MITSUBISHI,Wellendichtring,0,0
MB618215,MITSUBISHI,Buchse,0,0
MB631492,MITSUBISHI,Achslenkerbuchse,0,0
MB633003,MITSUBISHI,QUERL-BUCHSE,0,0
MB633432,MITSUBISHI,Wellendichtring,0,0
MB664285,MITSUBISHI,Wellendichtring,0,0
MB664588,MITSUBISHI,Wellendichtring,0,0
MB664612,MITSUBISHI,Wellendichtring,0,0
MB809201,MITSUBISHI,QUERL-BUCHSE,0,0
MB831039,MITSUBISHI,Stabi-Repsatz,0,0
MB864966,MITSUBISHI,Radnabe H.,0,0
MB870662,MITSUBISHI,VA-STABI-BUCHSE,0,0
MD016490,MITSUBISHI,Ventilschaftdichtung,0,0
MD016549,MITSUBISHI,Wellendichtring,0,0
MD024529,MITSUBISHI,Wellendichtring,0,0
MD030282,MITSUBISHI,Ventildeckeldichtung,0,0
MD050527,MITSUBISHI,Ventilfuehrung,0,0
MD069947,MITSUBISHI,Wellendichtring,0,0
MD069949,MITSUBISHI,Wellendichtring,0,0
MD069950,MITSUBISHI,Wellendichtring,0,0
MD070718,MITSUBISHI,Dichtung,0,0
MD076354,MITSUBISHI,Ventilfuehrung,0,0
MD076358,MITSUBISHI,Ventilfuehrung,0,0
MD103308,MITSUBISHI,Kolben,0,0
MD103648,MITSUBISHI,Zylinderbuchse,0,0
MD125940,MITSUBISHI,Dichtung,0,0
MD152603,MITSUBISHI,Wellendichtring,0,0
MD153104,MITSUBISHI,Wellendichtring,0,0
MD154025,MITSUBISHI,ANSKR-Dichtung,0,0
MD168963,MITSUBISHI,Zylinderbuchse,0,0
MD186786,MITSUBISHI,Ventildeckeldichtung,0,0
MD186787,MITSUBISHI,Dichtung,0,0
MD307705,MITSUBISHI,Ventildeckeldichtung,0,0
MD343563,MITSUBISHI,Wellendichtring,0,0
MD343566,MITSUBISHI,Wellendichtring,0,0
MD346062,MITSUBISHI,Dichtung,0,0
MD356867,MITSUBISHI,Luefterkupplung,0,0
MD359919,MITSUBISHI,ESD-Scheibe,0,0
MD365101,MITSUBISHI,Zuendspule,0,0
MD372249,MITSUBISHI,Wellendichtring,0,0
MD377813,MITSUBISHI,Dichtung,0,0
MD614680,MITSUBISHI,O-Ring,0,0
MD619962,MITSUBISHI,Kraftstofffilter,0,0
MD703735,MITSUBISHI,Wellendichtring,0,0
MD703743,MITSUBISHI,Wellendichtring,0,0
MD704164,MITSUBISHI,Wellendichtring,0,0
MD723202,MITSUBISHI,Wellendichtring,0,0
MD731708,MITSUBISHI,Wellendichtring,0,0
MD771413,MITSUBISHI,FEDER,0,0
ME200096,MITSUBISHI,Luefterkupplung,0,0
ME200426,MITSUBISHI,Zylinderkopfschraube,0,0
ME200427,MITSUBISHI,Zylinderkopfschraube,0,0
ME200689,MITSUBISHI,Kolben,0,0
ME201781,MITSUBISHI,Kolben,0,0
ME202850,MITSUBISHI,Wellendichtring,0,0
ME202851,MITSUBISHI,Wellendichtring,0,0
ME203085,MITSUBISHI,Steuerkette,0,0
ME203250,MITSUBISHI,Wellendichtring,0,0
ME203255,MITSUBISHI,Ventilschaftdichtung,0,0
ME203400,MITSUBISHI,Dichtung T/C,0,0
ME204040,MITSUBISHI,Zylinderkopfdichtung,0,0
ME204179,MITSUBISHI,Ventilfuehrung,0,0
ME298543,MITSUBISHI,Luefterkupplung,0,0
MH034067,MITSUBISHI,Wellendichtring,0,0
MK601722,MITSUBISHI,Dichtung,0,0
MN101886,MITSUBISHI,DICHTUNGSSATZ,0,0
MN103402,MITSUBISHI,Motorstuetzlager H.,0,0
MN128731,MITSUBISHI,Wellendichtring,0,0
MN132370,MITSUBISHI,Wellendichtring,0,0
MN137117,MITSUBISHI,Ventildeckeldichtung,0,0
MN158977,MITSUBISHI,KERZENSTECKER,0,0
MN183902,MITSUBISHI,Steuerkettenfuehrung,0,0
MN183903,MITSUBISHI,Steuerkettenfuehrung,0,0
MN195668,MITSUBISHI,Wellendichtring,0,0
MR145792,MITSUBISHI,Wellendichtring,0,0
MR316028,MITSUBISHI,VA-TRAV-BUCHSE,0,0
MR350883,MITSUBISHI,Wellendichtring,0,0
MR374520,MITSUBISHI,STABI GU-LAGER,0,0
MR374569,MITSUBISHI,SILENTBUCHSE,0,0
MR403358,MITSUBISHI,QUERL-BUCHSE,0,0
MR403485,MITSUBISHI,REGELSTREBE,0,0
MR418547,MITSUBISHI,BUCHSE,0,0
MR491361,MITSUBISHI,Lenkmanschette,0,0
MR527672,MITSUBISHI,Dichtungssatz,0,0
MR554271,MITSUBISHI,Stabi-Buchse V.,0,0
MR580530,MITSUBISHI,Wellendichtring,0,0
MR581855,MITSUBISHI,Wellendichtring,0,0
MR594347,MITSUBISHI,Daempfungslager,0,0
MR984375,MITSUBISHI,Spannautomat,0,0
MR994643,MITSUBISHI,ZUENDSPULE,0,0
MT141565,MITSUBISHI,ACHSLAG O-RING,0,0
