oem_field;brend_field;name_field;volume_field;weight_field
08886-01206;TOYOTA;TOYOTA PSF (PSF-EH)ЖИДКОСТЬ В  ГУР 1л;0;0
48510-39865;TOYOTA;АМОРТИЗАТОР FR R/L;0;0
48511-29636;TOYOTA;АМОРТИЗАТОР FR R/L;0;0
48510-69127;TOYOTA;АМОРТИЗАТОР FR R/L TEMS (Mark 48510-60081);0;0
11044-43GX1X;NISSAN;11044-43GX1 ПРОКЛАДКА ГБЦ  TD27  T=1.15 mm /УЦЕНКА;0;0
A-57;EIKOSHA;Ароматизатор меловой SPARKLING SQUASH/искрящаяся с;0;0
48531-80398;TOYOTA;344100 АМОРТИЗАТОР RR Rh/Lh Mark 48531-26360;0;0
48530-80434;TOYOTA;341336 / NSF9126  АМОРТИЗАТОР Rear Rh/Lh;0;0
H9-215-G;PARAUT;АМОРТИЗАТОР RR R/L CRV RD4;0;0
48510-80156;TOYOTA;341264 АМОРТИЗАТОР FRH/FLH TEMS;0;0
48510-60260;TOYOTA;741071 АМОРТИЗАТОР Front Rh/Lh С СИСТЕМОЙ  KDSS;0;0
48530-F9020;TOYOTA;АМОРТИЗАТОР ЗАДНИЙ ПРАВЫЙ/ЛЕВЫЙ;0;0
48540-20800;TOYOTA;333113 АМОРТИЗАТОР ReaR Lh;0;0
A4010;TOKICO;A4010 АМОРТИЗАТОР Front Rh TwinTube Hydraulic;0;0
MB891679;MITSUBISHI;АМОРТИЗАТОР RRH/RLH Синяя метка-жесткость;0;0
81220-22040;TOYOTA;ПОВТОРИТЕЛЬ В БАМПЕР CHAISER 100 LH(96-98) 22-257;0;0
24347-VB000;NISSAN;ЗАЩИТА КЛЕММЫ АКУМУЛЯТОРА ПЛЮСОВАЯ;0;0
G-51;EIKOSHA;Ароматизатор кон. SQUASH/свежесть;0;0
48511-30310;TOYOTA;344103 АМОРТИЗАТОР Front Rh/Lh;0;0
V2161264;JETT;53440-69015 АМОРТИЗАТОР КАПОТА LAND CRUISER 8# RH;0;0
48520-80695;TOYOTA;48520-80562 АМОРТИЗАТОР FR LH;0;0
A4011;TOKICO;A4011 АМОРТИЗАТОР Front Lh TwinTube Hydraulic;0;0
82262-VB000;NISSAN;СТЕКЛО ФОРТОЧКИ REAR ДВЕРИ RH Safari/Patrol 61;0;0
E6210-EG025;NISSAN;56210-EG025 АМОРТИЗАТОР RR R/L FUGA Y50(04~);0;0
48530-69445;TOYOTA;345093 АМОРТИЗАТОР RR R/L (MARK 48530-60140);0;0
48510-8Z460;TOYOTA;48510-8Z460 АМОРТИЗАТОР ПЕРЕДНИЙ ПРАВЫЙ;0;0
48530-69516;TOYOTA;3450000 АМОРТИЗАТОР Rear Rh/Lh (Mark 48530-60201);0;0
48511-69686;TOYOTA;345044 АМОРТИЗАТОР FR R/L;0;0
A28;EIKOSHA;059028 Ароматизатор меловой SAZAN SQUASH;0;0
11044-06JX2X;NISSAN;11044-06J02 ПРОКЛАДКА ГБЦ TD42 T=1,25mm ! УЦЕНКА !;0;0
GF-2248;ZEKKERT;FD570-VD20A/F5D71-VD20A АМОРТИЗАТОР КАПОТА R/L Y61;0;0
2693;TOKICO;443188 АМОРТИЗАТОР Front Rh/Lh TwinTube Hydraulic;0;0
48510-80839;TOYOTA;48510-80358 АМОРТИЗАТОР ПЕРЕДНИЙ ПРАВЫЙ/ЛЕВЫЙ;0;0
9031206J00;NISSAN;9031306J00 СТЕКЛО ЗАДНЕЕ РАСПАШНОЙ ДВЕРИ ПРАВОЕ;0;0
EL3418;TOKICO;444132 АМОРТИЗАТОР Front Rh/Lh Gas Pressure;0;0
A-106;EIKOSHA;Ароматизатор меловой MARINE BLUE SQUASH/свежесть;0;0
53440-0W490;TOYOTA;53440-0W260 АМОРТИЗАТОР КАПОТА RH;0;0
V2162241;JETT;68960-69045  АМОРТИЗАТОР ДВЕРИ LH UZJ200;0;0
48510-69355;TOYOTA;АМОРТИЗАТОР FR R/L TEMS;0;0
A1042;TOKICO;332028 АМОРТИЗАТОР Front Rh  TwinTube Hydraulic;0;0
A37;EIKOSHA;059037 Ароматизатор меловой SAMURAI MAN;0;0
57522AJ02A;SUBARU;57522AJ02A Амортизатор двери багажника RH/LH;0;0
Q-52;EIKOSHA;Ароматизатор кон. AFTER SHOWER/после дождя;0;0
3375;TOKICO;444107 АМОРТИЗАТОР RR Rh/Lh TwinTube Hydraulic;0;0
48510-60121;TOYOTA;7410000 АМОРТИЗАТОР FR R/L TEMS PRADO #121 (02~);0;0
E6210-4CE2B;NISSAN;АМОРТИЗАТОР Rear Rh/L;0;0
A-73;EIKOSHA;Ароматизатор меловой DRY SQUASH/восточная свежесть;0;0
48530-52K21;TOYOTA;343435 АМОРТИЗАТОР ЗАДНИЙ ПРАВЫЙ/ЛЕВЫЙ;0;0
Q21;EIKOSHA;Ароматизатор кон. PRIMODE TONIGHT/наступающая ночь;0;0
53111-60350 G;TOYOTA;Решетка радиатора Toyota Land Cruiser 100 GOLD;0;0
48510-32082;TOYOTA;48510-32190 АМОРТИЗАТОР-СТОЙКА FR RH РАЗБОРНАЯ;0;0
V2162242;JETT;68950-69085 АМОРТИЗАТОР ДВЕРИ RH UZJ200;0;0
48511-69355;TOYOTA;554079 АМОРТИЗАТОР FRH/FLH;0;0
48802-60110;TOYOTA;48802-60110 ЛИНК (СТОЙКА) RR R/L;0;0
56210-01JXE;NISSAN;345007 АМОРТИЗАТОР R R/L O/O(ВТ)   (SAFARI Y60);0;0
1165;TOKICO;442032/442027 АМОРТИЗАТОР RR Rh/Lh  Hydraulic;0;0
A31;EIKOSHA;Ароматизатор меловой AQUA SHOWER / аква;0;0
52610-SX0-A02;HONDA;АМОРТИЗАТОР RRH/RLH;0;0
48530-69415;TOYOTA;48530-69415 АМОРТИЗАТОР RR TEMS (MARK 48530-60170);0;0
A1040;TOKICO;632046 АМОРТИЗАТОР Rear Rh TwinTube Hydraulic;0;0
E4C02-4CE2C;NISSAN;АМОРТИЗАТОР Front Rh;0;0
41211-65D00;SUZUKI;ПРОКЛАДКА ПРУЖИНЫ АМОРТИЗАТОР;0;0
48510-87682;TOYOTA;334186 АМОРТИЗАТОР-СТОЙКА Front Rh;0;0
48540-A9897;TOYOTA;48540-A9897 АМОРТИЗАТОР Rear L  (Mark 48540-0T100);0;0
Q22;EIKOSHA;Ароматизатор кон. PRIMODE WHITY MUSK/белый мускус;0;0
Q-51;EIKOSHA;Ароматизатор кон. PINK SHOWER/розовый дождь;0;0
SD1001;TOKICO;SD1001 АМОРТИЗАТОР  РУЛЕВОЙ  Oil Type;0;0
V2163416;JETT;68930-0W010 АМОРТИЗАТОР БАГАЖНИКА НА ЗАДНЕЕ СТЕКЛО;0;0
48530-39326;TOYOTA;48530-39326 АМОРТИЗАТОР RR R/L TEMS;0;0
E20018;TOKICO;343442 АМОРТИЗАТОР Rear Rh/Lh Gas Pressure;0;0
U3426;TOKICO;U3426 АМОРТИЗАТОР Rear Rh/Lh  TwinTube Gas-Charged;0;0
48520-39645;TOYOTA;АМОРТИЗАТОР FRONT LH Camry Gracia #25  WAGON;0;0
08611-60200;TOYOTA;Ветровики на дверь Land Cruiser Prado 150/GX460;0;0
3353;TOKICO;344103 АМОРТИЗАТОР Fr R/L TwinTube GasType;0;0
A52;EIKOSHA;059052 Ароматизатор меловой LEMON SQUASH;0;0
53112-60290;TOYOTA;Решетка в бампер GRJ150 c 17г;0;0
PT218-60980;TOYOTA;Чехол на капот и передний бампер LAND CRUISER 100;0;0
48510-80B37;TOYOTA;48510-80895 АМОРТИЗАТОР FR RH;0;0
54616-00Q0G;NISSAN;54616-00Q0F СТОЙКА СТАБИЛИЗАТОРА;0;0
56110-43G00;TOYOTA;56110-43G25 АМОРТИЗАТОР Fr L/R (Mark 56110-43G00) ;0;0
48530-80817;TOYOTA;3450004 АМОРТИЗАТОР Rear Rh/Lh (Mark 48530-60193);0;0
48611-01G00;NISSAN;48611-01G00 АМОРТИЗАТОР  РУЛЕВОЙ;0;0
A-69;EIKOSHA;Ароматизатор меловой GUCINI/гучини;0;0
43346-60011;TOYOTA;43346-60011 ЗАЩИТА ПЫЛЬНИКА  ШАРОВОЙ ОПОРЫ LOW;0;0
48511-69585;TOYOTA;345022 АМОРТИЗАТОР FR R/L;0;0
Q23;EIKOSHA;Ароматизатор кон. PRIMODE AFTER SHOWER/после дождя;0;0
48541-39316;TOYOTA;553160 АМОРТИЗАТОР Rear Lh;0;0
3394;TOKICO;345018 АМОРТИЗАТОР RR Rh/Lh TwinTube Hydraulic;0;0
4024610;MITSUBISHI;MITSUBISHI ATF МАСЛО SP III 4L;0;0
V2163458;JETT;АМОРТИЗАТОР КАПОТА LAND CRUISER 200 LH/RH;0;0
A19;EIKOSHA;059019 Ароматизатор меловой MARINE SQUASH;0;0
54302-VE727;NISSAN;335016 АМОРТИЗАТОР F LH;0;0
48511-69356;TOYOTA;554079 АМОРТИЗАТОР FRH/FLH;0;0
48531-80540;TOYOTA;NSF2030 АМОРТИЗАТОР Rear Rh/Lh;0;0
3316;TOKICO;444225 АМОРТИЗАТОР ReaR Rh/Lh TwinTube Hydraulic;0;0
45700-37040;TOYOTA;45700-36010 ДЕМФЕРНЫЙ АМОРТИЗАТОР;0;0
2618;TOKICO;443190 АМОРТИЗАТОР FR Rh/Lh TwinTube Hydraulic;0;0
56210-43G25;NISSAN;56210-43G25 АМОРТИЗАТОР Rr L/R (Mark 56210-43G00);0;0
11115-54084-D0X;TOYOTA;11115-54084-D0 ПРОКЛАДКА ГБЦ  2L  T=1.55mm  УЦЕНКА;0;0
E6110-6WY0A;NISSAN;E6110-1CF0D АМОРТИЗАТОР ПЕРЕДНИЙ ПРАВЫЙ;0;0
48510-19015;TOYOTA;341069 АМОРТИЗАТОР Front Rh/Lh;0;0
62710-60090;TOYOTA;62710-60090 СТЕКЛО БОКОВОЕ БАГАЖНИКА ПРАВОЕ;0;0
48531-69527;TOYOTA;344288 АМОРТИЗАТОР Rear Rh/Lh;0;0
56210-45G25;NISSAN;56210-46G25 АМОРТИЗАТОР Rr L/R (Mark 56210-45G00);0;0
A-85;EIKOSHA;Ароматизатор меловой BLUE MUSK/ледяной шторм;0;0
48510-80246;TOYOTA;341266 АМОРТИЗАТОР FR R/L;0;0
A1043;TOKICO;332029 АМОРТИЗАТОР Front Lh  TwinTube Hydraulic;0;0
48531-49235;TOYOTA;344362 АМОРТИЗАТОР Rear Rh/Lh;0;0
V2162238;JETT;53440-0C020 АМОРТИЗАТОР КАПОТА  RH/LH;0;0
Q-54;EIKOSHA;Ароматизатор кон. WHITY MUSK/белый мускус;0;0
A24;EIKOSHA;059024 Ароматизатор меловой CLEAR SQUASH;0;0
48531-69795;TOYOTA;345023 АМОРТИЗАТОР RR R/L I/O(ВТ);0;0
A9;EIKOSHA;059010 Ароматизатор меловой SQUASH;0;0
53111-22470;TOYOTA;Решетка радиатора Toyota Chaser 90 92-96г.;0;0
G-57;EIKOSHA;Ароматизатор кон. MARINE BLUE SQUASH/свежесть ок;0;0
48510-69495;TOYOTA;340125 АМОРТИЗАТОР Front Rh/Lh;0;0
48530-80084;TOYOTA;АМОРТИЗАТОР RR R/L CALDINA #241 (02~05,01);0;0
48520-8Z307;TOYOTA;48520-8Z307 АМОРТИЗАТОР ПЕРЕДНИЙ ЛЕВЫЙ;0;0
2620;TOKICO;443153 АМОРТИЗАТОР FR Rh/Lh TwinTube Hydraulic;0;0
48510-69476;TOYOTA;340085  АМОРТИЗАТОР Front Rh/Lh;0;0
48510-69585;TOYOTA;340085  АМОРТИЗАТОР Front Rh/Lh;0;0
Q-5;EIKOSHA;Ароматизатор кон. MARINE SQUASH/морская свежесть;0;0
48530-69526;TOYOTA;48530-69525 АМОРТИЗАТОР ЗАДНИЙ RH/LH;0;0
Q24;EIKOSHA;Ароматизатор кон. PRIMODE PINK SHOWER/розовый дожд;0;0
48531-48420;TOYOTA;48531-48420 АМОРТИЗАТОР RR R/L;0;0
51601-SX0-A02;HONDA;АМОРТИЗАТОР FRH;0;0
A1017;TOKICO;633034 АМОРТИЗАТОР Front Rh/Lh TwinTube Hydraulic;0;0
48510-29467;TOYOTA;333197 АМОРТИЗАТОР FR RH;0;0
48520-49175;TOYOTA;АМОРТИЗАТОР FLH;0;0
48520-22562;TOYOTA;АМОРТИЗАТОР FL ! ! !;0;0
15270-78500;NISSAN;15270-78500 ПРОКЛАДКА КРЫШКИ МАСЛО. ГОРЛОВИНЫ;0;0
ASMNI1061;TENACITY;54320-3VA0A/54320-1HJ0A ОТБОЙНИК ЧАШКИ АМОРТИЗАТОР;0;0
A2138;TOKICO;633143 АМОРТИЗАТОР Rear Rh TwinTube Hydraulic;0;0
48531-80229;TOYOTA;АМОРТИЗАТОР RR;0;0
48510-20610;TOYOTA;365068 АМОРТИЗАТОР F RH;0;0
A73;EIKOSHA;059073 Ароматизатор меловой DRY SQUASH;0;0
MR151227;MITSUBISHI;344346 АМОРТИЗАТОР Front Rh/Lh;0;0
53145-42010;TOYOTA;53145-42010 КРЕПЕЖ.ЭЛЕМЕНТ-КРЫЛО-РЕШЕТКА РАДИАТОРА;0;0
2554;TOKICO;443184 АМОРТИЗАТОР RR Rh/Lh TwinTube Oil Type;0;0
3348;TOKICO;444231 АМОРТИЗАТОР RR Rh/Lh TwinTube Hydraulic;0;0
51602-SX0-A02;HONDA;АМОРТИЗАТОР FLH;0;0
48510-80A74;TOYOTA;АМОРТИЗАТОР FR RH;0;0
V2161265;JETT;53450-69015 АМОРТИЗАТОР КАПОТА LAND CRUISER 8# LH;0;0
62TB0612B04;NSK;13505-65020 РОЛИК ГРМ(УЦЕНКА) БЕЗ УПАКОВКИ;0;0
A11;EIKOSHA;АРОМАТИЗАТОР МЕЛ. 40Г SPIRIT REFILL  APPLE;0;0
KS1008;KAYABA;45700-60051/45700-60051 АМОРТИЗАТОР  РУЛЕВОЙ;0;0
48530-80790;TOYOTA;АМОРТИЗАТОР ЗАДНИЙ ПРАВЫЙ/ЛЕВЫЙ;0;0
48530-29875;TOYOTA;341423 АМОРТИЗАТОР Rear Rh/Lh;0;0
48511-69406;TOYOTA;344211 АМОРТИЗАТОР F R/L O(ВТ)/I;0;0
48531-69855;TOYOTA;АМОРТИЗАТОР RR R/L;0;0
48531-48282;LEXUS;АМОРТИЗАТОР ЗАДНИЙ ПРАВЫЙ ЛЕВЫЙ;0;0
48531-80491;TOYOTA;АМОРТИЗАТОР RR RH/RLH;0;0
48510-8Z205;TOYOTA;48510-8Z205 АМОРТИЗАТОР FRONT  LH/RH;0;0
53450-0W490;TOYOTA;53450-0W260 АМОРТИЗАТОР КАПОТА LH;0;0
E4C03-4CE2C;NISSAN;АМОРТИЗАТОР Front Lh;0;0
48531-48400;TOYOTA;48531-48270 АМОРТИЗАТОР RR R/L;0;0
48510-39207;TOYOTA;341264 АМОРТИЗАТОР FRH/FLH TEMS;0;0
9031306J00;NISSAN;9031306J00 СТЕКЛО ЗАДНЕЕ РАСПАШНОЙ ДВЕРИ ЛЕВОЕ;0;0
48531-80624;TOYOTA;48531-80624 АМОРТИЗАТОР RR R/L;0;0
48530-69435;TOYOTA;345093 АМОРТИЗАТОР RR R/L (MARK 48530-60110);0;0
48520-32091;TOYOTA;48520-32200 АМОРТИЗАТОР-СТОЙКА FR LH РАЗБОРНЫЙ;0;0
